system:index,BSI,MNDWI,NBR,NDTI,NDVI,NDWI,date,.geo
20250106T054129_20250106T054746_T43RFQ,-0.17523155283081476,-0.16467679597183024,0.4347434284759599,0.24210963021999488,0.4622211001281874,-0.37755836461288456,2025-01-06,"{""type"":""MultiPoint"",""coordinates"":[]}"
20250113T053209_20250113T053803_T43RFP,-0.28731660250824453,-0.39808660876626467,0.5592272663103126,0.3012987207601999,0.7437703360807651,-0.634839067381053,2025-01-13,"{""type"":""MultiPoint"",""coordinates"":[]}"
20250113T053209_20250113T053803_T43RFQ,-0.25266382736528104,-0.3761963924796458,0.5182036945290104,0.28010029709008144,0.6893780256260081,-0.599306310935376,2025-01-13,"{""type"":""MultiPoint"",""coordinates"":[]}"
20250123T053029_20250123T053836_T43RFP,-0.32109571258289,-0.3886489015077151,0.5748416768560743,0.29366630220206,0.7520892578758893,-0.6496623183058331,2025-01-23,"{""type"":""MultiPoint"",""coordinates"":[]}"
20250123T053029_20250123T053836_T43RFQ,-0.28363167523190863,-0.46678900005322493,0.5231522896414992,0.2722490670856017,0.7505755679469321,-0.6700441758332164,2025-01-23,"{""type"":""MultiPoint"",""coordinates"":[]}"
20250126T054019_20250126T054157_T43RFP,-0.34541974650473367,-0.36119079196454656,0.6045481057124654,0.3088354671125607,0.7533989795741952,-0.6529521007253724,2025-01-26,"{""type"":""MultiPoint"",""coordinates"":[]}"
20250126T054019_20250126T054157_T43RFQ,-0.30246604023558415,-0.34829514972369613,0.5481029150047096,0.2777448713502382,0.701009910742334,-0.6157524748742416,2025-01-26,"{""type"":""MultiPoint"",""coordinates"":[]}"
20250128T053131_20250128T054026_T43RFP,-0.3336138920398029,-0.4017653016586193,0.6052561052140827,0.3157603115878621,0.754703619251692,-0.6694184572716757,2025-01-28,"{""type"":""MultiPoint"",""coordinates"":[]}"
20250128T053131_20250128T054026_T43RFQ,-0.2910550293704564,-0.3774241708546921,0.5498277778822839,0.28685076030929135,0.7041917033230077,-0.6286805380709191,2025-01-28,"{""type"":""MultiPoint"",""coordinates"":[]}"
20250131T054121_20250131T054332_T43RFP,-0.27234001703100896,-0.21728116008361767,0.6053405145705275,0.3256871980009801,0.6050011938175762,-0.5387248481358806,2025-01-31,"{""type"":""MultiPoint"",""coordinates"":[]}"
20250131T054121_20250131T054332_T43RFQ,-0.23463139807087305,-0.043122987291686204,0.5445368741866129,0.2801240666937689,0.4369944696230963,-0.3665464481969833,2025-01-31,"{""type"":""MultiPoint"",""coordinates"":[]}"
20250202T052939_20250202T053107_T43RFP,-0.3031513703372385,-0.2608147252122277,0.581851770348898,0.28776897373702015,0.6535051828672027,-0.572798537363392,2025-02-02,"{""type"":""MultiPoint"",""coordinates"":[]}"
20250202T052939_20250202T053107_T43RFQ,-0.2648438786009093,-0.18284361687815093,0.5251739798168779,0.2521001306842395,0.5632556104044565,-0.48588388762787027,2025-02-02,"{""type"":""MultiPoint"",""coordinates"":[]}"
20250205T053929_20250205T054313_T43RFP,-0.3445585959211531,-0.42910563902818555,0.5980561185572953,0.30718551459664334,0.7771631832053295,-0.6882847927770108,2025-02-05,"{""type"":""MultiPoint"",""coordinates"":[]}"
20250205T053929_20250205T054313_T43RFQ,-0.30662893537267816,-0.4882698104484101,0.5434008383203902,0.2824108077358343,0.7656232394722021,-0.6943266077964174,2025-02-05,"{""type"":""MultiPoint"",""coordinates"":[]}"
20250212T052839_20250212T053319_T43RFP,-0.3423236210925013,-0.4296231064288687,0.584753634325357,0.2884786811599294,0.7646097667046111,-0.687712225531582,2025-02-12,"{""type"":""MultiPoint"",""coordinates"":[]}"
20250212T052839_20250212T053319_T43RFQ,-0.30540473538540647,-0.4875787920057344,0.5342659907333507,0.2676838182185563,0.7486485911197378,-0.6926326656115206,2025-02-12,"{""type"":""MultiPoint"",""coordinates"":[]}"
20250217T052931_20250217T053430_T43RFP,-0.34978072939635335,-0.48401234440855506,0.6020415908768437,0.3186942727234655,0.7908150114611567,-0.7164481232145506,2025-02-17,"{""type"":""MultiPoint"",""coordinates"":[]}"
20250217T052931_20250217T053430_T43RFQ,-0.30810193884430626,-0.4698720661119364,0.5514948230976944,0.2921275375592792,0.7421687638141141,-0.6838531835058471,2025-02-17,"{""type"":""MultiPoint"",""coordinates"":[]}"
20250220T054811_20250220T054813_T43RFP,-0.29471184616578017,-0.28521630519749747,0.5756558819968283,0.27266201078388824,0.6596159828193947,-0.5908294880335863,2025-02-20,"{""type"":""MultiPoint"",""coordinates"":[]}"
20250302T053801_20250302T054536_T43RFP,-0.3911337006458614,-0.40430528837653473,0.6439682888470176,0.32236154671905,0.7768234196667259,-0.7069089119952647,2025-03-02,"{""type"":""MultiPoint"",""coordinates"":[]}"
20250302T053801_20250302T054536_T43RFQ,-0.3498916599329042,-0.4247452012219393,0.593461921178402,0.29916725338090744,0.7484413193167921,-0.6890685227122573,2025-03-02,"{""type"":""MultiPoint"",""coordinates"":[]}"
20250304T052649_20250304T053024_T43RFP,-0.36902618341198945,-0.4673267325954952,0.5988656137518673,0.2861097515922459,0.7811223673416768,-0.7184869034930266,2025-03-04,"{""type"":""MultiPoint"",""coordinates"":[]}"
20250304T052649_20250304T053024_T43RFQ,-0.32455349829460284,-0.3882505334648683,0.5512259681553083,0.25780732822808794,0.7122511391662835,-0.6542945611309352,2025-03-04,"{""type"":""MultiPoint"",""coordinates"":[]}"
20250307T053649_20250307T054538_T43RFQ,-0.33695771145427517,-0.41401350569074047,0.5561642203210196,0.26803667823016314,0.7265393680338256,-0.6717187897174339,2025-03-07,"{""type"":""MultiPoint"",""coordinates"":[]}"
20250309T052711_20250309T053627_T43RFQ,-0.31085040388850343,-0.38780110773381044,0.5491879140447619,0.2701342474838323,0.699247031732275,-0.6471725065765453,2025-03-09,"{""type"":""MultiPoint"",""coordinates"":[]}"
20250312T053701_20250312T054819_T43RFQ,-0.2897281706563558,-0.42500741444410095,0.5295401704171768,0.2624048957011145,0.7007443957441382,-0.6557909830458478,2025-03-12,"{""type"":""MultiPoint"",""coordinates"":[]}"
20250314T052649_20250314T054014_T43RFQ,-0.33138326323623096,-0.36804882175070125,0.5689827897807457,0.26440226876859424,0.7159280010514725,-0.6515838432504734,2025-03-14,"{""type"":""MultiPoint"",""coordinates"":[]}"
20250317T053649_20250317T054537_T43RFP,-0.350832003291818,-0.45569862929080085,0.5829660284813263,0.2923829270706834,0.7702962149903613,-0.7007460381615449,2025-03-17,"{""type"":""MultiPoint"",""coordinates"":[]}"
20250317T053649_20250317T054537_T43RFQ,-0.3116882451652511,-0.41378690804034335,0.5389630585547178,0.26744492735853354,0.7190969858650016,-0.6570491622724113,2025-03-17,"{""type"":""MultiPoint"",""coordinates"":[]}"
20250322T053701_20250322T054243_T43RFP,-0.3103704573938578,-0.4743704883196658,0.5701140065935674,0.2964841138276038,0.7558578228262692,-0.6964189090495555,2025-03-22,"{""type"":""MultiPoint"",""coordinates"":[]}"
20250322T053701_20250322T054243_T43RFQ,-0.27352797307556637,-0.42867746587208216,0.5277805131886678,0.27398394726866426,0.7036998385592467,-0.6503734652451241,2025-03-22,"{""type"":""MultiPoint"",""coordinates"":[]}"
20250324T052649_20250324T054002_T43RFP,-0.2784009418202819,-0.3939845583628837,0.5329208815225871,0.2620525328772889,0.6990197957640939,-0.637387913318917,2025-03-24,"{""type"":""MultiPoint"",""coordinates"":[]}"
20250324T052649_20250324T054002_T43RFQ,-0.24887473117000145,-0.33160075754945245,0.4930498956465796,0.23906899375297172,0.6358412266417501,-0.5790795294717728,2025-03-24,"{""type"":""MultiPoint"",""coordinates"":[]}"
20250331T053241_20250331T053237_T43RFP,-0.19145288935158936,-0.44272630907878185,0.4714492070109343,0.2374837469944479,0.6537038333016714,-0.6306360429180619,2025-03-31,"{""type"":""MultiPoint"",""coordinates"":[]}"
20250331T053241_20250331T053237_T43RFQ,-0.16844279022895947,-0.43526587354545343,0.44219738945626613,0.22559281926078478,0.62473258384905,-0.6105280584217885,2025-03-31,"{""type"":""MultiPoint"",""coordinates"":[]}"
20250401T053701_20250401T054811_T43RFP,-0.1865130134554894,-0.3244924941642728,0.47685546994142436,0.23842022798524343,0.5784170586038885,-0.5526325155763577,2025-04-01,"{""type"":""MultiPoint"",""coordinates"":[]}"
20250401T053701_20250401T054811_T43RFQ,-0.15948174771389056,-0.40732104428454147,0.4533099943456397,0.2329671734370793,0.600359390388785,-0.5957323865144933,2025-04-01,"{""type"":""MultiPoint"",""coordinates"":[]}"
20250403T052649_20250403T053649_T43RFP,-0.1535435686076392,-0.31995992483944813,0.43340850808852494,0.20843666794415977,0.534297237954997,-0.5292906031976754,2025-04-03,"{""type"":""MultiPoint"",""coordinates"":[]}"
20250403T054241_20250403T054804_T43RFP,-0.14629754347820714,-0.28012539419500465,0.4459836683160105,0.22153288398760224,0.4963087816309013,-0.4981571590810887,2025-04-03,"{""type"":""MultiPoint"",""coordinates"":[]}"
20250408T052711_20250408T054024_T43RFP,0.008857851636231148,-0.3906477346655856,0.2926390787198115,0.19943839027065002,0.3939765211232558,-0.4715250322210769,2025-04-08,"{""type"":""MultiPoint"",""coordinates"":[]}"
20250408T052711_20250408T054024_T43RFQ,0.04229937586904085,-0.49395465059481886,0.2835071762789499,0.20241752557936699,0.43963489091093144,-0.5520613307777382,2025-04-08,"{""type"":""MultiPoint"",""coordinates"":[]}"
20250411T053701_20250411T054854_T43RFP,,,,,,,2025-04-11,"{""type"":""MultiPoint"",""coordinates"":[]}"
20250413T052649_20250413T053356_T43RFP,0.04614202940684656,-0.40290038326965466,0.21601112369150674,0.17275466389657917,0.3290678445282607,-0.4386074577230221,2025-04-13,"{""type"":""MultiPoint"",""coordinates"":[]}"
20250413T052649_20250413T053356_T43RFQ,0.037752597028359806,-0.4100730503790127,0.22183418828614537,0.17388566202349826,0.3465208799192404,-0.4491648569086817,2025-04-13,"{""type"":""MultiPoint"",""coordinates"":[]}"
20250416T053649_20250416T054001_T43RFP,0.12490094193662916,-0.536665256475744,0.1526084898067848,0.1772968363062704,0.34685123571809096,-0.5132498664563815,2025-04-16,"{""type"":""MultiPoint"",""coordinates"":[]}"
20250416T053649_20250416T054001_T43RFQ,0.10258467369298081,-0.4858780255442804,0.1687882169551482,0.17660880092149753,0.32767923948736305,-0.47573894859706123,2025-04-16,"{""type"":""MultiPoint"",""coordinates"":[]}"
20250416T053649_20250416T055022_T43RFP,0.13984987969187018,-0.5475220688110827,0.16791520442113322,0.18957718238735471,0.33567208019655853,-0.5252892823543112,2025-04-16,"{""type"":""MultiPoint"",""coordinates"":[]}"
20250416T053649_20250416T055022_T43RFQ,0.09976885519222517,-0.48858059514072305,0.1732141843245166,0.17792042613756476,0.3326128194932955,-0.4804211099588429,2025-04-16,"{""type"":""MultiPoint"",""coordinates"":[]}"
20250418T052711_20250418T053150_T43RFP,0.10291934565505913,-0.41069203975729246,0.16783363087429154,0.18279006605035836,0.26639646400248257,-0.39612692183338616,2025-04-18,"{""type"":""MultiPoint"",""coordinates"":[]}"
20250418T052711_20250418T053150_T43RFQ,0.10339879805751093,-0.4354230390129254,0.16849537127256606,0.18010992291828523,0.29289317230182205,-0.4225100940835852,2025-04-18,"{""type"":""MultiPoint"",""coordinates"":[]}"
20250420T053241_20250420T053241_T43RFP,0.13307437862351604,-0.4268883279088626,0.17784438594530863,0.18667366564643698,0.2565222819233701,-0.4163370631741906,2025-04-20,"{""type"":""MultiPoint"",""coordinates"":[]}"
20250421T053701_20250421T054857_T43RFP,0.1198646735993603,-0.39316073981457017,0.15652412987344824,0.19120911651359593,0.23199301622394572,-0.36173057933920016,2025-04-21,"{""type"":""MultiPoint"",""coordinates"":[]}"
20250423T052649_20250423T053352_T43RFP,0.09897900758839402,-0.4388976797873533,0.13481350148016435,0.15380105384184423,0.2811066378224148,-0.41933496892592886,2025-04-23,"{""type"":""MultiPoint"",""coordinates"":[]}"
20250423T052649_20250423T053352_T43RFQ,0.0994417247910633,-0.48236329182624926,0.1416664524958764,0.15475623047386314,0.3185955964024231,-0.46071935798510405,2025-04-23,"{""type"":""MultiPoint"",""coordinates"":[]}"
20250423T054251_20250423T054806_T43RFP,0.10105995367144273,-0.42528257515476714,0.14682353300836753,0.17024542190352432,0.27005771181480326,-0.40447377483725033,2025-04-23,"{""type"":""MultiPoint"",""coordinates"":[]}"
20250423T054251_20250423T054806_T43RFQ,0.09295331044281445,-0.4279330787418062,0.14678606579165165,0.16486696066265288,0.2857454598527179,-0.4113169504438338,2025-04-23,"{""type"":""MultiPoint"",""coordinates"":[]}"
20250426T053639_20250426T054131_T43RFP,0.10742146997050556,-0.4470422056066034,0.12050826548172626,0.15213365309301483,0.2762071577409922,-0.41693242189610225,2025-04-26,"{""type"":""MultiPoint"",""coordinates"":[]}"
20250426T053639_20250426T054131_T43RFQ,0.09724873711001591,-0.45019735189283877,0.12305734819419299,0.1483128807501954,0.2940359914195477,-0.42518683949524,2025-04-26,"{""type"":""MultiPoint"",""coordinates"":[]}"
20250428T052711_20250428T053329_T43RFP,0.1268650247792228,-0.43346794597823085,0.10376404096905745,0.15846971456742037,0.2506981376445296,-0.38496143740170763,2025-04-28,"{""type"":""MultiPoint"",""coordinates"":[]}"
20250428T052711_20250428T053329_T43RFQ,0.12214512032504739,-0.4511878263990041,0.11244285855588503,0.15900423575275174,0.2763593320534596,-0.4086190668307929,2025-04-28,"{""type"":""MultiPoint"",""coordinates"":[]}"
20250501T053701_20250501T054923_T43RFP,0.16559771791812536,-0.4757112255365255,0.09879513631580666,0.16796853695726144,0.25096474076467434,-0.41462281562329245,2025-05-01,"{""type"":""MultiPoint"",""coordinates"":[]}"
20250501T053701_20250501T054923_T43RFQ,0.1555229372337711,-0.47416280245902465,0.1045502499248417,0.16714921706604285,0.2655990203640468,-0.41899326262510417,2025-05-01,"{""type"":""MultiPoint"",""coordinates"":[]}"
20250503T052649_20250503T053353_T43RFP,0.12842235863452844,-0.42288658942614077,0.06957535216029395,0.12678441726178394,0.2411838582300002,-0.37012733475669524,2025-05-03,"{""type"":""MultiPoint"",""coordinates"":[]}"
20250511T053701_20250511T054137_T43RFP,0.16460230855509406,-0.48274442736827544,-0.04001045822272178,0.09405466156646759,0.2631315687594773,-0.3613476877738999,2025-05-11,"{""type"":""MultiPoint"",""coordinates"":[]}"
20250511T053701_20250511T054137_T43RFQ,0.14218143628539184,-0.4556959551227719,-0.02127792570581116,0.09665196764978544,0.268413519485757,-0.35016888633003135,2025-05-11,"{""type"":""MultiPoint"",""coordinates"":[]}"
20250513T052649_20250513T053354_T43RFP,0.13148126513964745,-0.3933571204067286,-0.05101026093679031,0.06455313516250069,0.21591722707149644,-0.2881071355564076,2025-05-13,"{""type"":""MultiPoint"",""coordinates"":[]}"
20250513T052649_20250513T053354_T43RFQ,0.12840916561498103,-0.40715357170277955,-0.03131960057959209,0.07140561423167509,0.23764217660729567,-0.31393595448984263,2025-05-13,"{""type"":""MultiPoint"",""coordinates"":[]}"
20250513T054251_20250513T054813_T43RFP,0.14443641817686664,-0.40531770606501893,-0.0345944376157732,0.08380300453002408,0.2187653951553874,-0.298155137482208,2025-05-13,"{""type"":""MultiPoint"",""coordinates"":[]}"
20250513T054251_20250513T054813_T43RFQ,0.12817725478044145,-0.38809330156470856,-0.018476049883821486,0.08711012511658381,0.22451932357012278,-0.29254346345707927,2025-05-13,"{""type"":""MultiPoint"",""coordinates"":[]}"
20250518T052701_20250518T053317_T43RFP,0.17949777814589818,-0.4615840139610834,-0.05219424311944289,0.08431404235619831,0.23708058816985744,-0.3396474424379105,2025-05-18,"{""type"":""MultiPoint"",""coordinates"":[]}"
20250518T052701_20250518T053317_T43RFQ,0.14430923902300594,-0.40902244037028285,-0.04041625526008274,0.08154372981367779,0.22568368015831403,-0.29916619144027895,2025-05-18,"{""type"":""MultiPoint"",""coordinates"":[]}"
20250518T052701_20250518T054041_T43RFP,0.13440565029902354,-0.37252840490295336,-0.05869639511093822,0.0715842732972103,0.19299518337348603,-0.2533510145014208,2025-05-18,"{""type"":""MultiPoint"",""coordinates"":[]}"
20250518T052701_20250518T054041_T43RFQ,0.18147686025735885,-0.4836537537081239,-0.039446448094758294,0.08880901687958802,0.26156182467569655,-0.36975618023006296,2025-05-18,"{""type"":""MultiPoint"",""coordinates"":[]}"
20250521T053701_20250521T054238_T43RFP,0.23752731025676976,-0.5447266330148264,-0.05958531851237415,0.09088994232355097,0.264878636485862,-0.4156023485399945,2025-05-21,"{""type"":""MultiPoint"",""coordinates"":[]}"
20250521T053701_20250521T054238_T43RFQ,0.18582031248496184,-0.4653426551223077,-0.03698685688067421,0.09001208857413594,0.24617724686074405,-0.35203033885449253,2025-05-21,"{""type"":""MultiPoint"",""coordinates"":[]}"
20250523T052649_20250523T053913_T43RFP,0.12886026749894514,-0.3873751615564302,-0.07099283944500578,0.05139813841133675,0.21655405975502026,-0.27387176288385445,2025-05-23,"{""type"":""MultiPoint"",""coordinates"":[]}"
20250523T052649_20250523T053913_T43RFQ,0.14490844804045894,-0.4452844930811076,-0.05297258286314825,0.06263373005653107,0.25903385333624074,-0.33770450902699006,2025-05-23,"{""type"":""MultiPoint"",""coordinates"":[]}"
20250526T053639_20250526T054203_T43RFP,0.1481671122416087,-0.43485551339519385,-0.08322978501538057,0.053699196410301395,0.23645679582549423,-0.3074189816306084,2025-05-26,"{""type"":""MultiPoint"",""coordinates"":[]}"
20250526T053639_20250526T054203_T43RFQ,0.13317334291280977,-0.41401634532474174,-0.07047792955781047,0.05289755157962509,0.2371349523062817,-0.29998653313740037,2025-05-26,"{""type"":""MultiPoint"",""coordinates"":[]}"
20250531T053701_20250531T055000_T43RFP,0.19619171846129987,-0.5007022743969973,-0.024267690689423013,0.09339798841317133,0.2701489080267279,-0.39238340448533465,2025-05-31,"{""type"":""MultiPoint"",""coordinates"":[]}"
20250602T052649_20250602T053148_T43RFP,0.12348235383879637,-0.40027317591477624,-0.06675297312840382,0.044110856045728584,0.23731040854333163,-0.2948751621515396,2025-06-02,"{""type"":""MultiPoint"",""coordinates"":[]}"
20250602T054251_20250602T054248_T43RFP,0.1366050603277887,-0.4133514980435205,-0.051501800109054925,0.0647194586214825,0.2399087072912549,-0.30447591128398505,2025-06-02,"{""type"":""MultiPoint"",""coordinates"":[]}"
20250602T054251_20250602T054248_T43RFQ,0.1384574413389551,-0.43480632530958635,-0.03012689490322404,0.07345797706759545,0.26304233916181347,-0.33665017065788366,2025-06-02,"{""type"":""MultiPoint"",""coordinates"":[]}"
20250605T053639_20250605T054901_T43RFP,0.12854293224573146,-0.43172969218928264,-0.04681749377356292,0.07088770438221317,0.26098054808489973,-0.3211241303023443,2025-06-05,"{""type"":""MultiPoint"",""coordinates"":[]}"
20250605T053639_20250605T054901_T43RFQ,0.12461423165552189,-0.4299068607068457,-0.041275843961890525,0.0647534849731389,0.268403159184027,-0.33047353593880935,2025-06-05,"{""type"":""MultiPoint"",""coordinates"":[]}"
20250610T053701_20250610T054240_T43RFP,0.125362660929689,-0.3698583784149848,-0.017691985790548568,0.07428612032463926,0.2222147843586364,-0.28349870900831536,2025-06-10,"{""type"":""MultiPoint"",""coordinates"":[]}"
20250610T053701_20250610T054240_T43RFQ,0.12972134754749784,-0.3848129494881746,-0.002882367539851182,0.07969749741331807,0.23884721088944955,-0.308006587413726,2025-06-10,"{""type"":""MultiPoint"",""coordinates"":[]}"
20250612T052649_20250612T053352_T43RFP,0.15947809767526883,-0.4555595839175413,-0.010432124590611677,0.07139112245638554,0.25632726081097573,-0.37129214015370415,2025-06-12,"{""type"":""MultiPoint"",""coordinates"":[]}"
20250612T052649_20250612T053352_T43RFQ,0.13729805271495746,-0.41407974158751387,0.010607820267883228,0.07423421333853616,0.25646167272422316,-0.3502976422259771,2025-06-12,"{""type"":""MultiPoint"",""coordinates"":[]}"
20250725T053649_20250725T054204_T43RFP,-0.18672827618880664,-0.25536116834041256,0.4556830777828515,0.23865632168011294,0.5492316817395054,-0.46730677422956607,2025-07-25,"{""type"":""MultiPoint"",""coordinates"":[]}"
20250725T053649_20250725T054204_T43RFQ,-0.17500034138986817,-0.31653588564420815,0.44192085065086845,0.23591571535510678,0.5807784804642129,-0.5060926102978558,2025-07-25,"{""type"":""MultiPoint"",""coordinates"":[]}"
20250821T052649_20250821T053914_T43RFQ,-0.28479344376994986,-0.4473248141571268,0.5612839936653257,0.3090246129260971,0.7690052371260566,-0.6605204490638211,2025-08-21,"{""type"":""MultiPoint"",""coordinates"":[]}"
20250821T054251_20250821T054245_T43RFQ,-0.296664841969243,-0.4701742147839123,0.5880349014679864,0.331882571144155,0.781345987306917,-0.6821688076337173,2025-08-21,"{""type"":""MultiPoint"",""coordinates"":[]}"
20250913T053639_20250913T054555_T43RFP,-0.24429224106648043,-0.3503581511169583,0.5155889119950954,0.279554966864052,0.6729887782052152,-0.5738514690254293,2025-09-13,"{""type"":""MultiPoint"",""coordinates"":[]}"
20250915T052701_20250915T053805_T43RFP,-0.23234091209877966,-0.313900793203836,0.5235584581395175,0.2931388253009332,0.648394649398426,-0.5463632843492722,2025-09-15,"{""type"":""MultiPoint"",""coordinates"":[]}"
20250920T052649_20250920T053910_T43RFP,-0.1992527972690064,-0.4550901025282914,0.47612528349872696,0.26390316565549077,0.7054943726746457,-0.6280203505371849,2025-09-20,"{""type"":""MultiPoint"",""coordinates"":[]}"
20250920T052649_20250920T053910_T43RFQ,-0.1813818978962232,-0.4070774778412245,0.44743332767123584,0.25112908599635875,0.6547295216511209,-0.5786380387306432,2025-09-20,"{""type"":""MultiPoint"",""coordinates"":[]}"
20250923T053639_20250923T054447_T43RFP,-0.15769544916795453,-0.44073366027232913,0.4374359867613382,0.2594633191989697,0.6534152111796695,-0.5903825787395446,2025-09-23,"{""type"":""MultiPoint"",""coordinates"":[]}"
20250923T053639_20250923T054447_T43RFQ,-0.14231612236548694,-0.4482151976389454,0.41045964723955386,0.24548114667430962,0.6398039621396563,-0.5840341634844981,2025-09-23,"{""type"":""MultiPoint"",""coordinates"":[]}"
20250925T052701_20250925T053546_T43RFP,-0.12489507166049466,-0.48230242673661156,0.4299613942400191,0.2670721207234784,0.652814463567803,-0.6107235377201911,2025-09-25,"{""type"":""MultiPoint"",""coordinates"":[]}"
20250925T052701_20250925T053546_T43RFQ,-0.112481956317698,-0.4491580034732425,0.40188606565667595,0.25360432651063464,0.613571036425848,-0.5719922512639902,2025-09-25,"{""type"":""MultiPoint"",""coordinates"":[]}"
20250927T053241_20250927T053913_T43RFP,-0.10405484796937808,-0.4887930795094563,0.39667873607497445,0.26094004050576686,0.6404621182247369,-0.5953937048242393,2025-09-27,"{""type"":""MultiPoint"",""coordinates"":[]}"
20250927T053241_20250927T053913_T43RFQ,-0.09356743189388372,-0.44480354387979665,0.36794419300427733,0.24585185071669144,0.5921267940668622,-0.5479387128057084,2025-09-27,"{""type"":""MultiPoint"",""coordinates"":[]}"
20250928T053701_20250928T054804_T43RFP,-0.10716320457790525,-0.4401359554104406,0.41803148207287594,0.27308070052454836,0.6163024327550338,-0.5658330005743253,2025-09-28,"{""type"":""MultiPoint"",""coordinates"":[]}"
20250928T053701_20250928T054804_T43RFQ,-0.10478238718601197,-0.30965864277430255,0.37927830492714815,0.2534451168206159,0.5004140663412218,-0.4374271133831888,2025-09-28,"{""type"":""MultiPoint"",""coordinates"":[]}"
20250930T052649_20250930T053738_T43RFP,-0.07545172849856499,-0.5123235709800233,0.34404894520677287,0.2371909950167458,0.6249037457428835,-0.5914231289679266,2025-09-30,"{""type"":""MultiPoint"",""coordinates"":[]}"
20250930T052649_20250930T053738_T43RFQ,-0.06903570563121912,-0.4570998625750291,0.31814122750580237,0.22183017008589068,0.5719560206088078,-0.5362000342351444,2025-09-30,"{""type"":""MultiPoint"",""coordinates"":[]}"
20250930T054251_20250930T054247_T43RFP,-0.07117677986306084,-0.522525325739603,0.36925596788590015,0.2612991305768296,0.635917679930485,-0.6028676215806041,2025-09-30,"{""type"":""MultiPoint"",""coordinates"":[]}"
20250930T054251_20250930T054247_T43RFQ,-0.06231133202496496,-0.4904075515841942,0.3453872614582438,0.24813806834533036,0.5980230026219476,-0.5669698671693956,2025-09-30,"{""type"":""MultiPoint"",""coordinates"":[]}"
20251005T052711_20251005T053639_T43RFP,-0.02876033437211107,-0.4740982632967011,0.3126884723078147,0.2381916563610154,0.5525543636858848,-0.533743945019013,2025-10-05,"{""type"":""MultiPoint"",""coordinates"":[]}"
20251010T052649_20251010T053110_T43RFP,0.012024595869632984,-0.47961433432617356,0.22585372423619107,0.19839636238335012,0.49361221354409246,-0.4987167340440788,2025-10-10,"{""type"":""MultiPoint"",""coordinates"":[]}"
20251010T052649_20251010T053110_T43RFQ,4.809343398629154E-4,-0.4382661236544428,0.22644602258552957,0.19246681580345334,0.4693655084747511,-0.4661288007699124,2025-10-10,"{""type"":""MultiPoint"",""coordinates"":[]}"
20251013T053659_20251013T054053_T43RFP,0.05838467814686841,-0.5369908411394846,0.17477622720507963,0.18764712385937457,0.48214926700391125,-0.5221058088246936,2025-10-13,"{""type"":""MultiPoint"",""coordinates"":[]}"
20251013T053659_20251013T054053_T43RFQ,0.028593975177021225,-0.45846588541405076,0.18541721652597296,0.18111635778885907,0.44532995329564407,-0.4618415341840956,2025-10-13,"{""type"":""MultiPoint"",""coordinates"":[]}"
20251015T052821_20251015T053849_T43RFP,0.08436788130125421,-0.4909413875111085,0.15727843529070556,0.19245879180706904,0.414651529842725,-0.4611951157530745,2025-10-15,"{""type"":""MultiPoint"",""coordinates"":[]}"
20251015T052821_20251015T053849_T43RFQ,0.05555314954382825,-0.4318559802743775,0.1695435312409814,0.1877097893694908,0.39184751354539493,-0.4176758422096085,2025-10-15,"{""type"":""MultiPoint"",""coordinates"":[]}"
20251017T053241_20251017T053628_T43RFP,0.10108383164191659,-0.4942134480080945,0.10961602909830866,0.1708710021969034,0.3841063288089056,-0.44334362613381073,2025-10-17,"{""type"":""MultiPoint"",""coordinates"":[]}"
20251017T053241_20251017T053628_T43RFQ,0.0770292652471531,-0.4559282576945597,0.12567636002579197,0.1698484241849589,0.37891537245044254,-0.4196419980198459,2025-10-17,"{""type"":""MultiPoint"",""coordinates"":[]}"
20251018T053841_20251018T054550_T43RFP,0.12496780648606376,-0.5430396251308791,0.10911693268510107,0.18080245275378198,0.40838946733570164,-0.48469381220351276,2025-10-18,"{""type"":""MultiPoint"",""coordinates"":[]}"
20251018T053841_20251018T054550_T43RFQ,0.07408303912154912,-0.4410260191468026,0.12933253666733666,0.1750908720568004,0.36827207165547254,-0.4043361142432548,2025-10-18,"{""type"":""MultiPoint"",""coordinates"":[]}"
20251020T052749_20251020T053055_T43RFP,0.10285341857548468,-0.4773281103849822,0.07317159797878094,0.14491314774179387,0.3525006110023622,-0.4177040663899708,2025-10-20,"{""type"":""MultiPoint"",""coordinates"":[]}"
20251020T052749_20251020T053055_T43RFQ,0.07856436157072028,-0.4427839985149666,0.08975521733642644,0.14294453079616307,0.35228624131719327,-0.3990249183775766,2025-10-20,"{""type"":""MultiPoint"",""coordinates"":[]}"
20251020T054251_20251020T054246_T43RFP,0.14029654775274525,-0.5401367249910549,0.08219244316245479,0.16805518871178118,0.3806742023948336,-0.4699638901212966,2025-10-20,"{""type"":""MultiPoint"",""coordinates"":[]}"
20251020T054251_20251020T054246_T43RFQ,0.08650228386505147,-0.43987558924225945,0.10667527428355367,0.16275273151425138,0.34639018353011297,-0.394016043909622,2025-10-20,"{""type"":""MultiPoint"",""coordinates"":[]}"
20251023T053809_20251023T054810_T43RFP,0.12532624199088352,-0.48925719899512987,0.05604357047971187,0.1501487567699952,0.33687411417478524,-0.4121478855896753,2025-10-23,"{""type"":""MultiPoint"",""coordinates"":[]}"
20251023T053809_20251023T054810_T43RFQ,0.12123074989895477,-0.5120076454668964,0.06730067975519236,0.15024330371301273,0.36974834331415735,-0.4446281081712665,2025-10-23,"{""type"":""MultiPoint"",""coordinates"":[]}"
20251025T052921_20251025T053434_T43RFP,0.13691402191366744,-0.47535047305628964,0.04663103293403229,0.15451106637266024,0.31320459264002415,-0.385552630539372,2025-10-25,"{""type"":""MultiPoint"",""coordinates"":[]}"
20251025T052921_20251025T053434_T43RFQ,0.10680840099453372,-0.43796742673169825,0.06821527698237254,0.15291894940903977,0.3149175903283823,-0.36693888553963255,2025-10-25,"{""type"":""MultiPoint"",""coordinates"":[]}"
20251028T053951_20251028T054835_T43RFQ,0.10550967959531783,-0.4223188789404684,0.0734236426704434,0.14887494933564302,0.30649072298133884,-0.35867665895750395,2025-10-28,"{""type"":""MultiPoint"",""coordinates"":[]}"
20251030T052849_20251030T053620_T43RFQ,0.10611557379047233,-0.4232020661896879,0.01433628878597628,0.11333316080850188,0.2915657386817571,-0.3380234906663163,2025-10-30,"{""type"":""MultiPoint"",""coordinates"":[]}"
20251102T053909_20251102T054215_T43RFP,0.10642202771723318,-0.3579496108268997,0.01374063729333345,0.10993351269561519,0.22422848182651103,-0.27212721766191306,2025-11-02,"{""type"":""MultiPoint"",""coordinates"":[]}"
20251102T053909_20251102T054215_T43RFQ,0.06985656515674081,-0.3085863866366369,0.046403038800584495,0.11219299031474735,0.2239420409973719,-0.250089332127495,2025-11-02,"{""type"":""MultiPoint"",""coordinates"":[]}"
20251104T053041_20251104T053035_T43RFP,0.1025666958635832,-0.3546244439283715,0.004851030087728109,0.10958879645030242,0.22506393536103192,-0.25995140682230067,2025-11-04,"{""type"":""MultiPoint"",""coordinates"":[]}"
20251104T053041_20251104T053035_T43RFQ,0.10365343131693129,-0.3917673196655837,0.031431373368700964,0.12025493221662441,0.27007605429663906,-0.3138272895168972,2025-11-04,"{""type"":""MultiPoint"",""coordinates"":[]}"
20251106T053241_20251106T053244_T43RFP,0.13032786420758455,-0.4321972253271276,-0.013949727351923848,0.10012164283914884,0.27232114175987454,-0.33164951119586034,2025-11-06,"{""type"":""MultiPoint"",""coordinates"":[]}"
20251106T053241_20251106T053244_T43RFQ,0.10871640012976806,-0.423959776762932,0.015108283104208807,0.10604082096247047,0.29276566830122447,-0.34394015255229826,2025-11-06,"{""type"":""MultiPoint"",""coordinates"":[]}"
20251107T054041_20251107T054041_T43RFP,0.14617358435536393,-0.47300317203717074,-0.019504208519371354,0.10262948500965285,0.29544131463257667,-0.3674893989436998,2025-11-07,"{""type"":""MultiPoint"",""coordinates"":[]}"
20251107T054041_20251107T054041_T43RFQ,0.11224683474879711,-0.44067874030928794,0.017086609827269388,0.10949840317140935,0.3063250838101287,-0.36025309289419444,2025-11-07,"{""type"":""MultiPoint"",""coordinates"":[]}"
20251109T052939_20251109T053056_T43RFP,0.11156062756555761,-0.427222477175701,-0.030148621135865798,0.06818583925653386,0.2803010856286744,-0.3392861680455,2025-11-09,"{""type"":""MultiPoint"",""coordinates"":[]}"
20251109T052939_20251109T053056_T43RFQ,0.09018990320757536,-0.42280767642853107,0.006553031458590429,0.0787567406669084,0.30560321393867396,-0.35840149422331957,2025-11-09,"{""type"":""MultiPoint"",""coordinates"":[]}"
20251109T054251_20251109T054830_T43RFP,0.1411968003856254,-0.4642164026426942,-0.01873307643027587,0.09020043248092843,0.2935780958738388,-0.3689899465542643,2025-11-09,"{""type"":""MultiPoint"",""coordinates"":[]}"
20251109T054251_20251109T054830_T43RFQ,0.10586452662051518,-0.4334566892605688,0.018902799539284566,0.09687187377483712,0.30659187101220914,-0.3646493199210954,2025-11-09,"{""type"":""MultiPoint"",""coordinates"":[]}"
20251112T053959_20251112T054504_T43RFP,0.13690090180510053,-0.4772640532007636,-0.04971603843313461,0.06445921769876257,0.29744533412299484,-0.37700046836902545,2025-11-12,"{""type"":""MultiPoint"",""coordinates"":[]}"
20251112T053959_20251112T054504_T43RFQ,0.09398403324673411,-0.4298684763844898,-0.005484749512856581,0.07225034887659015,0.3042788830171651,-0.36057667059962745,2025-11-12,"{""type"":""MultiPoint"",""coordinates"":[]}"
20251114T053111_20251114T053109_T43RFP,0.11221708302844874,-0.4082029519735207,-0.021719716667958893,0.07937431460202067,0.2631845644850446,-0.3175476611108697,2025-11-14,"{""type"":""MultiPoint"",""coordinates"":[]}"
20251114T053111_20251114T053109_T43RFQ,0.08139061013074837,-0.3869538820053976,0.019713759238011736,0.08904185219111004,0.2826841429028207,-0.325350030223373,2025-11-14,"{""type"":""MultiPoint"",""coordinates"":[]}"
20251117T054131_20251117T054126_T43RFQ,0.06710915404626717,-0.3298045442362979,0.03881865121540267,0.09546343232657506,0.2553532111877603,-0.2799122514734665,2025-11-17,"{""type"":""MultiPoint"",""coordinates"":[]}"
20251119T053029_20251119T053830_T43RFP,0.1045970981933591,-0.4180340684243014,-0.03940590785224456,0.05570584005664636,0.28305420239944723,-0.33147082761036517,2025-11-19,"{""type"":""MultiPoint"",""coordinates"":[]}"
20251119T053029_20251119T053830_T43RFQ,0.07059994770169514,-0.38911580185410627,0.009009174068714203,0.06870351967895533,0.3007029494385889,-0.33510247610113697,2025-11-19,"{""type"":""MultiPoint"",""coordinates"":[]}"
20251122T054039_20251122T054212_T43RFP,0.19696397201574423,-0.6793540170040718,-0.030912617160873082,0.09039768074364236,0.4316433158366301,-0.5892079267644302,2025-11-22,"{""type"":""MultiPoint"",""coordinates"":[]}"
20251122T054039_20251122T054212_T43RFQ,0.04322495108180821,-0.3418296315186861,0.05683981285450184,0.08633210104697192,0.29500909450562257,-0.3165647937344552,2025-11-22,"{""type"":""MultiPoint"",""coordinates"":[]}"
20251124T053151_20251124T053150_T43RFP,0.08632025821403055,-0.4124608953186342,0.04406564465553389,0.10395566840426755,0.3206790609518795,-0.35932890909636817,2025-11-24,"{""type"":""MultiPoint"",""coordinates"":[]}"
20251124T053151_20251124T053150_T43RFQ,0.052041136972449956,-0.36962374920372737,0.0804596804703818,0.11033993154427303,0.32192453257223874,-0.34456473730440274,2025-11-24,"{""type"":""MultiPoint"",""coordinates"":[]}"
20251126T053251_20251126T053911_T43RFP,0.08661350147821524,-0.4558974013366709,0.05119027363921121,0.10196058054812922,0.36456136919481114,-0.4096866005393185,2025-11-26,"{""type"":""MultiPoint"",""coordinates"":[]}"
20251126T053251_20251126T053911_T43RFQ,0.03667897537962962,-0.37044130228381905,0.09163653027836259,0.10555757682039475,0.34160603260047123,-0.3592413999165946,2025-11-26,"{""type"":""MultiPoint"",""coordinates"":[]}"
20251127T054211_20251127T054451_T43RFP,0.09219524833624453,-0.46017226994881383,0.06282318070065808,0.11830389743816673,0.37282579437102253,-0.4109598217219727,2025-11-27,"{""type"":""MultiPoint"",""coordinates"":[]}"
20251127T054211_20251127T054451_T43RFQ,0.04772017790444824,-0.39843199003188773,0.10179513721422133,0.12292393827997694,0.36337585307740705,-0.3807567341705776,2025-11-27,"{""type"":""MultiPoint"",""coordinates"":[]}"
20251129T053059_20251129T053502_T43RFP,0.04626378485319801,-0.4417219534937902,0.0772020253913025,0.0968618083904335,0.3972924609240005,-0.4210831513400318,2025-11-29,"{""type"":""MultiPoint"",""coordinates"":[]}"
20251129T053059_20251129T053502_T43RFQ,0.027392154953336387,-0.4283884755599339,0.10713946863529827,0.10340980528804666,0.40805960366441574,-0.4290796473902924,2025-11-29,"{""type"":""MultiPoint"",""coordinates"":[]}"
20251129T054251_20251129T054708_T43RFQ,0.046863354682265095,-0.4498134238106759,0.12114290512295246,0.123114003234517,0.41742724546433246,-0.4451858706347587,2025-11-29,"{""type"":""MultiPoint"",""coordinates"":[]}"
20251202T054109_20251202T054915_T43RFP,0.027111072237534634,-0.429988469412406,0.1320234952012126,0.12479897303307996,0.41991879875567717,-0.43494879300209904,2025-12-02,"{""type"":""MultiPoint"",""coordinates"":[]}"
20251202T054109_20251202T054915_T43RFQ,-2.364890900638101E-4,-0.3716877423183309,0.1574966110189433,0.12519786734562852,0.3971949597210693,-0.4022416343516287,2025-12-02,"{""type"":""MultiPoint"",""coordinates"":[]}"
20251207T054231_20251207T054229_T43RFP,0.012915861261840514,-0.445790289366903,0.19078028493760982,0.16431481083337315,0.47152323532623347,-0.46647304608062684,2025-12-07,"{""type"":""MultiPoint"",""coordinates"":[]}"
20251207T054231_20251207T054229_T43RFQ,-0.0115305144332926,-0.3798589886751953,0.19974146359142864,0.15791469645745895,0.43377192052045044,-0.4186263095854049,2025-12-07,"{""type"":""MultiPoint"",""coordinates"":[]}"
20251209T053129_20251209T053610_T43RFP,-0.04643456904071981,-0.34181526796763706,0.20958943295510216,0.1424546153306948,0.4296064214376593,-0.4040378997216701,2025-12-09,"{""type"":""MultiPoint"",""coordinates"":[]}"
20251209T053129_20251209T053610_T43RFQ,-0.05303333234759209,-0.3263227243784435,0.2137786015305007,0.13857415883963578,0.42270778711163126,-0.39763235984099193,2025-12-09,"{""type"":""MultiPoint"",""coordinates"":[]}"
20251216T053251_20251216T053634_T43RFP,-0.07550063443710803,-0.4060446383523384,0.2987559192774389,0.1928876476688751,0.550396794086406,-0.49685683751580023,2025-12-16,"{""type"":""MultiPoint"",""coordinates"":[]}"
20251216T053251_20251216T053634_T43RFQ,-0.07860169370750275,-0.3545701049869384,0.28713802862547777,0.18109713225753762,0.5024825394495774,-0.4523591324472871,2025-12-16,"{""type"":""MultiPoint"",""coordinates"":[]}"
20251217T054241_20251217T054244_T43RFQ,-0.12051704813630304,-0.14455372659458435,0.3623809579667838,0.20787566622556736,0.3686726920242395,-0.3127971388524286,2025-12-17,"{""type"":""MultiPoint"",""coordinates"":[]}"
20251222T054149_20251222T054715_T43RFQ,-0.13592292013709797,-0.27977944227157187,0.35716528943278725,0.2065918901127922,0.5053797233420417,-0.4316165581134661,2025-12-22,"{""type"":""MultiPoint"",""coordinates"":[]}"
20251224T053241_20251224T053242_T43RFP,-0.18403823921162774,-0.38467260301887596,0.4445842755986049,0.2546600777105248,0.6549267233616805,-0.560411372795278,2025-12-24,"{""type"":""MultiPoint"",""coordinates"":[]}"
20251224T053241_20251224T053242_T43RFQ,-0.17135076504860658,-0.33895842353046657,0.4231347715999305,0.2395998461322545,0.598938573080149,-0.5182497288799094,2025-12-24,"{""type"":""MultiPoint"",""coordinates"":[]}"
20260105T053251_20260105T053249_T43RFP,-0.24583159595289472,-0.4066799544196888,0.5138711929728486,0.2751600920511263,0.713308148104931,-0.6193394746347053,2026-01-05,"{""type"":""MultiPoint"",""coordinates"":[]}"
20260105T053251_20260105T053249_T43RFQ,-0.2164573309121965,-0.34154717604182877,0.4732233994636351,0.25284349110977783,0.6369423776474744,-0.5537732617105376,2026-01-05,"{""type"":""MultiPoint"",""coordinates"":[]}"
20260111T054109_20260111T054848_T43RFP,-0.16467726034417599,-0.01787958909545396,0.37911245656480036,0.17990942473427116,0.29070263880617353,-0.23969474680541875,2026-01-11,"{""type"":""MultiPoint"",""coordinates"":[]}"
20260118T053049_20260118T053110_T43RFP,-0.2952350115925043,-0.35269697912895764,0.5483282160912476,0.28103364986709833,0.7100193747857597,-0.6114923641076049,2026-01-18,"{""type"":""MultiPoint"",""coordinates"":[]}"
20260121T054039_20260121T054402_T43RFP,-0.31497664158070543,-0.4242115754723991,0.5671874197382684,0.29380211275165635,0.7618813534457889,-0.6664511744881908,2026-01-21,"{""type"":""MultiPoint"",""coordinates"":[]}"
20260121T054039_20260121T054402_T43RFQ,-0.2738524876577977,-0.3951045513333285,0.5126118239645988,0.26418028770803503,0.7043156550772259,-0.6221187392611466,2026-01-21,"{""type"":""MultiPoint"",""coordinates"":[]}"
20260128T052959_20260128T053506_T43RFQ,-0.24422148980815636,-0.09398699568123457,0.5067513388557845,0.24366751654989502,0.4707788840918753,-0.3951612798129631,2026-01-28,"{""type"":""MultiPoint"",""coordinates"":[]}"
20260205T054021_20260205T054022_T43RFP,-0.3363952507440871,-0.3615631532908014,0.6111184819993714,0.32502882707993214,0.7402907797957181,-0.6499103241317367,2026-02-05,"{""type"":""MultiPoint"",""coordinates"":[]}"
20260205T054021_20260205T054022_T43RFQ,-0.30764327966296967,-0.3691642933137323,0.5718512552366111,0.30513696548334535,0.71325413630367,-0.6330078247976222,2026-02-05,"{""type"":""MultiPoint"",""coordinates"":[]}"
20260207T052909_20260207T053832_T43RFP,-0.30874496845004734,-0.4140779292231911,0.5638537886739096,0.2856550441995549,0.7411241844522637,-0.6610359914696787,2026-02-07,"{""type"":""MultiPoint"",""coordinates"":[]}"
20260207T052909_20260207T053832_T43RFQ,-0.282070162554413,-0.38444446518029324,0.5261385995005325,0.2633404869864941,0.6966345191458956,-0.6252822031452752,2026-02-07,"{""type"":""MultiPoint"",""coordinates"":[]}"
20260212T052941_20260212T053543_T43RFP,-0.33013042223330696,-0.4153277307948082,0.5879013071844483,0.3075792159536029,0.7521770010008216,-0.6724090629618036,2026-02-12,"{""type"":""MultiPoint"",""coordinates"":[]}"
20260212T052941_20260212T053543_T43RFQ,-0.29977378716804476,-0.4383122445873573,0.5476024791800131,0.28844492997696974,0.7291905909346984,-0.6644460747236023,2026-02-12,"{""type"":""MultiPoint"",""coordinates"":[]}"
20260215T053921_20260215T054821_T43RFP,-0.3250303641206308,-0.4560172757289434,0.5828651259382022,0.30672879247725804,0.7630145010668264,-0.6931635030965448,2026-02-15,"{""type"":""MultiPoint"",""coordinates"":[]}"
20260215T053921_20260215T054821_T43RFQ,-0.2959954406133943,-0.40999694376239987,0.5457374768140512,0.28433227300823377,0.7116303492090301,-0.6496006222081272,2026-02-15,"{""type"":""MultiPoint"",""coordinates"":[]}"
20260217T052809_20260217T053212_T43RFP,,,,,,,2026-02-17,"{""type"":""MultiPoint"",""coordinates"":[]}"
20260220T053749_20260220T054822_T43RFP,-0.34435066582540014,-0.47076912184953246,0.5808655712476755,0.298336263211442,0.775539218085072,-0.7061844353563269,2026-02-20,"{""type"":""MultiPoint"",""coordinates"":[]}"
20260220T053749_20260220T054822_T43RFQ,-0.3123634571585782,-0.40181083803563133,0.5429765162261718,0.27355180877365076,0.7144626636805426,-0.6513794413103389,2026-02-20,"{""type"":""MultiPoint"",""coordinates"":[]}"
20260222T052831_20260222T053952_T43RFP,-0.3370169236058642,-0.45015951416549255,0.5901426307309761,0.3089874351290231,0.7608896277627949,-0.6962486992962494,2026-02-22,"{""type"":""MultiPoint"",""coordinates"":[]}"
20260222T052831_20260222T053952_T43RFQ,-0.30228043199879917,-0.4247950755779629,0.549661351014066,0.28721885793535995,0.7166553514555871,-0.6624197759994687,2026-02-22,"{""type"":""MultiPoint"",""coordinates"":[]}"
20260225T053811_20260225T054929_T43RFP,-0.35418189039277953,-0.503728102920084,0.6008326118818804,0.31307974670919664,0.7886629907845765,-0.7327660766189992,2026-02-25,"{""type"":""MultiPoint"",""coordinates"":[]}"
20260225T053811_20260225T054929_T43RFQ,-0.3171332452499375,-0.4389137576157349,0.5619412530628877,0.2903949422370737,0.7298190473729673,-0.6800642432211246,2026-02-25,"{""type"":""MultiPoint"",""coordinates"":[]}"
20260227T052659_20260227T053334_T43RFP,-0.3329376886347455,-0.41913319387517467,0.5698038479465252,0.26912804045730016,0.7392746991198167,-0.6816607531247771,2026-02-27,"{""type"":""MultiPoint"",""coordinates"":[]}"
20260227T052659_20260227T053334_T43RFQ,-0.3028714972023261,-0.3748383485657147,0.5336405989272489,0.24769805259486014,0.6905758758466546,-0.6389595151466597,2026-02-27,"{""type"":""MultiPoint"",""coordinates"":[]}"
20260302T053639_20260302T054719_T43RFP,-0.353304437228474,-0.4873870192678169,0.580160044220749,0.2859055675846187,0.7757831460780215,-0.7205520541692352,2026-03-02,"{""type"":""MultiPoint"",""coordinates"":[]}"
20260302T053639_20260302T054719_T43RFQ,-0.32201281244885094,-0.4022074273042167,0.5454429947989629,0.2620240118823499,0.7143227607422888,-0.6611466920760758,2026-03-02,"{""type"":""MultiPoint"",""coordinates"":[]}"
20260304T052721_20260304T053709_T43RFP,-0.3173133623558115,-0.4290837864805771,0.567035216344939,0.2875211945712002,0.7362831770716631,-0.6761755698582438,2026-03-04,"{""type"":""MultiPoint"",""coordinates"":[]}"
20260304T052721_20260304T053709_T43RFQ,-0.2877860360734134,-0.3990653953521283,0.532462567382643,0.2680033069216737,0.6938002809592333,-0.6415636919008295,2026-03-04,"{""type"":""MultiPoint"",""coordinates"":[]}"
20260306T053251_20260306T053952_T43RFP,-0.2915745682154715,-0.3119285937032413,0.5502996947804744,0.27151708681732695,0.6657162678857936,-0.59925749393582,2026-03-06,"{""type"":""MultiPoint"",""coordinates"":[]}"
20260306T053251_20260306T053952_T43RFQ,-0.26653690654749673,-0.31030603389921596,0.51577912649521,0.2547847126428097,0.6371045675102783,-0.5789727252580626,2026-03-06,"{""type"":""MultiPoint"",""coordinates"":[]}"
20260307T053701_20260307T054857_T43RFP,-0.2651616197188199,-0.24351284184737212,0.556668317842033,0.2852434605416815,0.6081171978808554,-0.5466418049391679,2026-03-07,"{""type"":""MultiPoint"",""coordinates"":[]}"
20260307T053701_20260307T054857_T43RFQ,-0.24212839649953785,-0.17781328547192368,0.5204413365682921,0.262007243114499,0.5397738067997642,-0.47783885830404954,2026-03-07,"{""type"":""MultiPoint"",""coordinates"":[]}"
20260316T053251_20260316T053954_T43RFP,-0.19432161822059604,-0.3082242594735876,0.44477530090645495,0.213402182521964,0.5723239882452595,-0.5273594973514091,2026-03-16,"{""type"":""MultiPoint"",""coordinates"":[]}"
20260322T053639_20260322T054133_T43RFP,-0.21965036781075065,-0.4864353249668052,0.47669663427678993,0.25323414225736923,0.7104837596550916,-0.6584375367111238,2026-03-22,"{""type"":""MultiPoint"",""coordinates"":[]}"
20260405T053251_20260405T053954_T43RFP,0.04067713748020311,-0.37617068972477863,0.19211431639142112,0.1648161351196624,0.33883520292747166,-0.40000024961435965,2026-04-05,"{""type"":""MultiPoint"",""coordinates"":[]}"
20260405T053251_20260405T053954_T43RFQ,0.034925953557683805,-0.4239086057086036,0.2090867415378664,0.17222966917211663,0.38989257483891276,-0.4528044470428658,2026-04-05,"{""type"":""MultiPoint"",""coordinates"":[]}"
20260406T053641_20260406T054834_T43RFP,0.04758289415491211,-0.39529936722234194,0.19299997123119866,0.17369961366203196,0.34535378902545866,-0.41201314271742906,2026-04-06,"{""type"":""MultiPoint"",""coordinates"":[]}"
20260406T053641_20260406T054834_T43RFQ,0.039401819047939726,-0.4296208233735808,0.20139268117853235,0.17604615565687842,0.3860586130737697,-0.4496699330922479,2026-04-06,"{""type"":""MultiPoint"",""coordinates"":[]}"
20260411T053639_20260411T054327_T43RFQ,0.0721478735352906,-0.426267895217671,0.1368279838715955,0.1475678193939498,0.32853620033431474,-0.4148540968621502,2026-04-11,"{""type"":""MultiPoint"",""coordinates"":[]}"
20260413T053021_20260413T053935_T43RFP,0.0759408930439845,-0.4234921503243538,0.13868861699440876,0.1502874754080129,0.3153141632765296,-0.41145572760623117,2026-04-13,"{""type"":""MultiPoint"",""coordinates"":[]}"
20260418T052639_20260418T053640_T43RFP,0.1214762980256595,-0.4418143416459068,0.06299937531028477,0.12783088956256564,0.2681760002889121,-0.38404173655865864,2026-04-18,"{""type"":""MultiPoint"",""coordinates"":[]}"
20260418T052639_20260418T053640_T43RFQ,0.11511613483871844,-0.4697181437834356,0.08383935445699406,0.13435384152241728,0.30293646544502495,-0.4219438713206779,2026-04-18,"{""type"":""MultiPoint"",""coordinates"":[]}"
20260421T053639_20260421T054621_T43RFP,0.12436883638130095,-0.4461168770851654,0.061280033115951794,0.1293500293925091,0.2645889475686588,-0.3862138510053314,2026-04-21,"{""type"":""MultiPoint"",""coordinates"":[]}"
20260421T053639_20260421T054621_T43RFQ,0.11137072679804619,-0.4490612775058572,0.07510592200206183,0.1315095077801583,0.2847560386556235,-0.3993220638861958,2026-04-21,"{""type"":""MultiPoint"",""coordinates"":[]}"
20260423T053021_20260423T053343_T43RFP,0.1398156294010681,-0.4389802210830524,0.05939565224116459,0.14149550179966078,0.2451189602838514,-0.36639512032110366,2026-04-23,"{""type"":""MultiPoint"",""coordinates"":[]}"
20260423T053021_20260423T053343_T43RFQ,0.13207297336929502,-0.4551957230890677,0.07744829965242264,0.14713256061265992,0.27202507603583753,-0.39277512410700255,2026-04-23,"{""type"":""MultiPoint"",""coordinates"":[]}"
20260425T053241_20260425T053950_T43RFP,0.14904495436670068,-0.4562288789172595,0.06047169321584886,0.1384938439583905,0.2513197719455645,-0.38275346613290656,2026-04-25,"{""type"":""MultiPoint"",""coordinates"":[]}"
20260426T053641_20260426T055014_T43RFP,0.13228250217531132,-0.44494895788975214,0.0669134492441097,0.1389571857210069,0.2563155655730299,-0.37873054193005146,2026-04-26,"{""type"":""MultiPoint"",""coordinates"":[]}"
20260426T053641_20260426T055014_T43RFQ,0.12202591549440801,-0.44783432721414707,0.07831080078496216,0.14210445991650114,0.2728418295426332,-0.3897885480618756,2026-04-26,"{""type"":""MultiPoint"",""coordinates"":[]}"
20260501T053639_20260501T054753_T43RFP,0.1305486772519666,-0.44241569589789326,0.030620134716465595,0.11498245450780914,0.25014844289847676,-0.36425068305319835,2026-05-01,"{""type"":""MultiPoint"",""coordinates"":[]}"
20260501T053639_20260501T054753_T43RFQ,0.12177166739500261,-0.4457145589857035,0.04097175853887616,0.11644246393525709,0.2661847234495765,-0.37617367610740593,2026-05-01,"{""type"":""MultiPoint"",""coordinates"":[]}"
20260506T053641_20260506T055010_T43RFP,0.13276520747913073,-0.42620720499075027,0.005488005759988668,0.10702707332925215,0.24552426222468632,-0.3329052659006228,2026-05-06,"{""type"":""MultiPoint"",""coordinates"":[]}"
20260506T053641_20260506T055010_T43RFQ,0.12171447467754949,-0.42259337998886365,0.01845021625280867,0.1092132409899379,0.2574462651481217,-0.33988824431400305,2026-05-06,"{""type"":""MultiPoint"",""coordinates"":[]}"
20260508T052639_20260508T053517_T43RFP,0.07573440490027482,-0.28117925579710457,-0.011845236201872354,0.07469987659954051,0.16713089128639103,-0.2003637799219201,2026-05-08,"{""type"":""MultiPoint"",""coordinates"":[]}"
20260511T053639_20260511T054811_T43RFP,0.08658235638226783,-0.3000525886965662,-0.04399126911491482,0.06635806010084014,0.16990394989158847,-0.1977384722730155,2026-05-11,"{""type"":""MultiPoint"",""coordinates"":[]}"
20260513T052651_20260513T053456_T43RFP,0.12244702102137979,-0.3899256063491368,-0.02875675170384142,0.08506033969458421,0.22634740651748758,-0.28661433356168303,2026-05-13,"{""type"":""MultiPoint"",""coordinates"":[]}"
20260513T052651_20260513T053456_T43RFQ,0.13660922347255305,-0.4434697876637799,-0.011757537176129635,0.09405726831123072,0.265961821909612,-0.3468386665530879,2026-05-13,"{""type"":""MultiPoint"",""coordinates"":[]}"
20260515T053241_20260515T053948_T43RFP,0.13795513368987722,-0.4410762720452111,-0.04714657799059247,0.07244140057831787,0.25571872139568225,-0.32844511746424127,2026-05-15,"{""type"":""MultiPoint"",""coordinates"":[]}"
20260515T053241_20260515T053948_T43RFQ,0.14178182010638452,-0.4675637170550181,-0.03020008509745166,0.08026515544057534,0.27799970925200673,-0.358536230880984,2026-05-15,"{""type"":""MultiPoint"",""coordinates"":[]}"
20260516T053641_20260516T054853_T43RFP,0.14210726831201537,-0.4486675913974375,-0.04334793303792118,0.07930019986787294,0.2596930434674312,-0.3337138777303759,2026-05-16,"{""type"":""MultiPoint"",""coordinates"":[]}"
20260516T053641_20260516T054853_T43RFQ,0.1338757089610528,-0.43922427509645634,-0.032730449656318876,0.07935457482836278,0.2621445700589849,-0.3352524446855982,2026-05-16,"{""type"":""MultiPoint"",""coordinates"":[]}"
20260518T052639_20260518T053502_T43RFP,0.12266357754428237,-0.4209080201534304,-0.05253482263299088,0.05260344593709193,0.25386239444112646,-0.32032779000062944,2026-05-18,"{""type"":""MultiPoint"",""coordinates"":[]}"
20260518T052639_20260518T053502_T43RFQ,0.1238862524309547,-0.43726349313069823,-0.04007790133398771,0.058174878893172466,0.2683700041529926,-0.3421592428890803,2026-05-18,"{""type"":""MultiPoint"",""coordinates"":[]}"
20260518T054251_20260518T054247_T43RFQ,0.12197841903120119,-0.4287394283328737,-0.013686959615319657,0.07810326705253048,0.2694277473361007,-0.3425742569036979,2026-05-18,"{""type"":""MultiPoint"",""coordinates"":[]}"
20260518T054251_20260518T055032_T43RFP,0.13543266128966372,-0.4366864339502805,-0.034890254146720895,0.07318582953013801,0.259148394048988,-0.33397324439176923,2026-05-18,"{""type"":""MultiPoint"",""coordinates"":[]}"
20260518T054251_20260518T055032_T43RFQ,0.13104608691030262,-0.43547488556405584,-0.025562240374213497,0.07499937033285846,0.2646106460027655,-0.3406527477892616,2026-05-18,"{""type"":""MultiPoint"",""coordinates"":[]}"
20260521T053639_20260521T054726_T43RFP,0.11451450712864805,-0.36529082852217226,-0.05380758122709799,0.05039677410581848,0.21351098863332504,-0.26808561852983126,2026-05-21,"{""type"":""MultiPoint"",""coordinates"":[]}"
20260521T053639_20260521T054726_T43RFQ,0.1345126548030794,-0.42669696558335873,-0.038961548187185,0.06057898654466602,0.2519822404457661,-0.33321148067396206,2026-05-21,"{""type"":""MultiPoint"",""coordinates"":[]}"
20260523T052641_20260523T053635_T43RFQ,0.13703961100763798,-0.46782775060762394,7.315277262631473E-4,0.08570174477667292,0.28628871632274283,-0.3791365428145706,2026-05-23,"{""type"":""MultiPoint"",""coordinates"":[]}"
20260526T053641_20260526T054854_T43RFP,0.11372068342139022,-0.41550138757287824,-0.014814165706408883,0.0732529611368068,0.26642712668233204,-0.3311310190857938,2026-05-26,"{""type"":""MultiPoint"",""coordinates"":[]}"
20260526T053641_20260526T054854_T43RFQ,0.11643768149582702,-0.419856507569817,-0.010967484942278779,0.07428711328534136,0.26953162005145825,-0.33934254823029997,2026-05-26,"{""type"":""MultiPoint"",""coordinates"":[]}"
