sample_id,easting_utm,northing_utm,longitude,latitude,bulk_density,pH,EC,K2O,available_P,OC,CaCO3,available_N,CEC,dem,slope,aspect,lulc,lithology,geomorphology,NDVI,NDBI,SAVI,BSI
id,628845.0,3407015.0,76.34673631,30.78880211,231.5495,8.427,0.099,55.3336,19.712,0.4125,0.375,225.792,14.0652174,224.3793792724609,1.0,241.51324462890625,3.0,2.0,1.0,0.5060422971945727,-0.1970224441654608,0.3023465671037175,-0.1190728946648846
filebc494d5a79.1,624795.0,3402715.0,76.30378663,30.75083684,194.663,8.301,0.136,209.188,15.008,0.525,0.625,288.512,14.0652174,221.1684112548828,4.0,333.2046203613281,2.0,1.0,1.0,0.163567134999674,0.0662749710013951,0.099560280717368,0.1039271312092277
filebc494d5a79.2,630695.0,3414945.0,76.36697308,30.86052871,231.4,8.238,0.123,99.8704,87.136,0.6225,0.25,225.792,10.9282609,227.6719665527344,4.0,282.4151611328125,3.0,1.0,1.0,0.3602396195019197,-0.1082851797087717,0.2097228102293321,-0.0218744436577366
filebc494d5a79.3,629605.0,3405295.0,76.354353,30.77359641,161.879,8.49,0.098,78.2768,26.88,0.285,0.5,188.16,9.42173913,224.68038940429688,5.0,317.93609619140625,2.0,1.0,1.0,0.2001223439779398,0.1108845548021131,0.1187050589140438,0.1222205323170241
filebc494d5a79.4,628925.0,3401215.0,76.34673631,30.73686448,198.649,8.34,0.176,49.2604,57.344,0.66,0.75,313.6,14.0652174,224.7787170410156,4.0,191.12789916992188,3.0,1.0,1.0,0.4094531972616554,-0.1337408909512691,0.2152322176830546,-0.0581091157866736
filebc494d5a79.5,636375.0,3407015.0,76.42530929,30.78835403,181.078,8.058,0.12,90.4232,69.44,0.375,0.5,225.792,13.6934783,230.5030975341797,4.0,39.33340835571289,3.0,1.0,1.0,0.453368852210969,-0.0852757295152022,0.2342336380360629,-0.0326335509805748
filebc494d5a79.6,628135.0,3411645.0,76.33978981,30.83103944,209.393,7.885,0.11,177.4724,34.944,0.135,0.875,225.792,7.95217391,225.71401977539065,4.0,27.363433837890625,1.0,1.0,1.0,0.4477361563300864,-0.0850439911988886,0.2801352270813263,-0.0144477253465796
filebc494d5a79.7,624855.0,3408945.0,76.30517202,30.80703252,264.255,7.922,0.075,325.9284,112.0,0.6375,0.25,225.792,15.0456522,225.2000732421875,4.0,231.4379119873047,3.0,2.0,1.0,0.4436407587807832,-0.0981201136737896,0.2654484313500296,-0.0334448088030278
filebc494d5a79.8,635585.0,3403905.0,76.41664364,30.76038993,175.972,8.398,0.095,62.0816,20.832,0.5625,0.5,250.88,16.1173913,223.777099609375,4.0,232.18467712402344,2.0,1.0,1.0,0.5079684552817262,-0.1879571154606776,0.299125323653121,-0.117784170061948
filebc494d5a79.9,625985.0,3409055.0,76.31699539,30.80790536,246.685,8.429,0.091,39.8132,26.432,0.3375,0.5,225.792,8.57173913,224.6471710205078,3.0,28.00686264038086,2.0,1.0,1.0,0.501403708648911,-0.2015277456712226,0.3128941826628626,-0.1144708497115515
filebc494d5a79.10,631685.0,3399715.0,76.37536785,30.72303063,230.579,8.618,0.066,42.5124,6.496,0.15,0.375,188.16,14.0652174,220.8843688964844,3.0,248.7432098388672,1.0,1.0,1.0,0.4879227144427054,-0.1197455080752544,0.2916265674331553,-0.0604706137840705
filebc494d5a79.11,633885.0,3408975.0,76.3995481,30.80631827,177.512,8.424,0.108,49.2604,10.08,0.4575,0.625,188.16,14.4130435,225.37353515625,3.0,351.38201904296875,2.0,1.0,1.0,0.6900821072809019,-0.2193700016132766,0.4494143648913164,-0.17177200336252
filebc494d5a79.12,627895.0,3407635.0,76.33677986,30.79489107,209.397,8.174,0.145,60.0572,56.896,0.42,0.5,426.496,10.5706522,223.89198303222656,3.0,313.3818359375,3.0,1.0,1.0,0.488464954306852,-0.0679611521540632,0.2276674958099471,-0.0384071543690145
filebc494d5a79.13,630815.0,3412185.0,76.36787452,30.83561789,250.9,8.265,0.079,55.3336,33.6,0.375,0.25,163.072,14.0652174,223.84092712402344,3.0,219.51885986328125,2.0,1.0,1.0,0.4059678477408255,-0.0291218559476312,0.2406712941102869,0.0264169542282815
filebc494d5a79.14,632895.0,3405475.0,76.38874792,30.77485661,195.953,7.95,0.074,47.9108,19.712,0.3,0.5,275.968,10.7304348,223.94265747070312,4.0,311.3553771972656,2.0,1.0,1.0,0.3631548047342717,-0.0221780837873065,0.2204096261430315,0.0316777473146062
filebc494d5a79.15,632865.0,3406555.0,76.38857446,30.78460251,205.827,7.76,0.075,134.96,15.904,0.15,0.5,263.424,14.0652174,237.4248962402344,6.0,357.2786865234375,3.0,1.0,1.0,0.5702309210949221,-0.2455956124973504,0.3461813248756404,-0.168172963318203
filebc494d5a79.16,626855.0,3400995.0,76.32509108,30.7351024,252.789,8.054,0.121,99.8704,62.048,0.735,0.125,225.792,8.26521739,220.04632568359372,3.0,5.574836730957031,3.0,1.0,1.0,0.3249370418895761,0.029296438677529,0.189334645106956,0.0574675909584753
filebc494d5a79.17,627815.0,3415195.0,76.33688871,30.86309845,193.2,8.085,0.223,188.944,140.0,0.765,1.5,313.6,14.0652174,225.28399658203125,3.0,193.45330810546875,2.0,1.0,1.0,0.6939191111242622,-0.3245364443825639,0.4240251213939299,-0.2594843352983016
filebc494d5a79.18,633225.0,3403875.0,76.39198776,30.76038623,237.788,8.093,0.16,118.09,94.08,0.6975,0.25,213.248,21.8195652,222.91053771972656,4.0,203.2383728027344,3.0,1.0,1.0,0.3742567140182037,-0.0847597979662506,0.2042244441387147,-0.0203454767073895
filebc494d5a79.19,627145.0,3406115.0,76.32875393,30.78125961,227.37,8.328,0.108,64.7808,37.856,0.4875,0.375,225.792,16.6434783,224.86314392089844,3.0,139.14109802246094,2.0,1.0,1.0,0.6089044290530101,-0.114773957069694,0.2869976813171997,-0.081782178880468
filebc494d5a79.20,625215.0,3406525.0,76.30863864,30.7851634,212.175,8.297,0.097,49.2604,21.504,0.48,0.25,225.792,11.9630435,223.66961669921875,3.0,178.75869750976562,3.0,1.0,1.0,0.5480552882431176,-0.2039999932944773,0.3153125333500979,-0.1365688442738569
filebc494d5a79.21,621255.0,3406125.0,76.26721352,30.78196596,195.448,8.342,0.073,37.114,23.52,0.135,0.25,188.16,14.0652174,222.94351196289065,3.0,265.33770751953125,1.0,1.0,1.0,0.6957427705522351,-0.2898550558365008,0.4193683347987004,-0.237833364318808
filebc494d5a79.22,626495.0,3414575.0,76.32300841,30.85764725,157.756,8.488,0.103,47.9108,38.752,0.45,0.375,188.16,18.7608696,224.3668975830078,3.0,344.9764404296875,2.0,1.0,1.0,0.5717041607755772,-0.2514080758190622,0.3288532544940024,-0.1761517442420756
filebc494d5a79.23,630415.0,3412845.0,76.3637771,30.84161577,240.339,8.448,0.087,45.2116,37.632,0.3525,0.5,250.88,13.2,226.75392150878903,3.0,186.6104431152344,3.0,1.0,1.0,0.2650475173163056,0.0134843006796923,0.1713700505313498,0.0634745461149915
filebc494d5a79.24,629835.0,3415045.0,76.35799298,30.86152545,250.575,7.66,0.072,38.4636,19.712,0.3975,0.375,150.528,14.0652174,227.79600524902344,3.0,185.83978271484372,1.0,1.0,1.0,0.5484340797380912,-0.1320553537678931,0.2916343829812578,-0.089437459374303
filebc494d5a79.25,626785.0,3400335.0,76.32427862,30.72915588,243.247,8.527,0.099,59.3824,36.96,0.615,6.875,225.792,4.53804348,221.2971649169922,3.0,7.525215148925781,2.0,1.0,1.0,0.3768443096640767,-0.0285269900759657,0.2066176083998491,0.0134430549367178
filebc494d5a79.26,624455.0,3408225.0,76.30090402,30.80057932,198.193,8.18,0.091,45.2116,27.776,0.375,0.5,62.72,14.0652174,223.6728973388672,3.0,204.2268829345703,2.0,1.0,1.0,0.26586145093904,-0.0042956507221671,0.1669766953567937,0.0342139327232691
filebc494d5a79.27,628965.0,3399165.0,76.34689685,30.71836689,225.858,8.49,0.088,67.48,18.144,0.1875,2.5,250.88,14.0652174,224.5446319580078,6.0,138.84803771972656,3.0,1.0,1.0,0.5741890912086286,-0.1713955709440479,0.3160293741167057,-0.119162808661301
filebc494d5a79.28,627555.0,3409595.0,76.33347109,30.81260892,242.368,8.47,0.055,24.2928,27.328,0.0375,0.625,125.44,14.0652174,227.7168426513672,7.0,186.50021362304688,3.0,1.0,1.0,0.5972892121204683,-0.2373548716416536,0.3889832037951967,-0.165176474570128
filebc494d5a79.29,633465.0,3406895.0,76.39488778,30.78760229,150.594,8.339,0.101,67.48,35.616,0.525,0.5,288.512,14.0652174,224.0515899658203,4.0,151.63040161132812,3.0,1.0,1.0,0.5826858857228142,-0.1862150714751051,0.3380450027493633,-0.119531882391325
filebc494d5a79.30,623805.0,3411895.0,76.29455518,30.83375502,312.837,8.476,0.075,10.122,6.72,0.2025,0.25,125.44,8.48478261,222.45709228515625,3.0,83.83524322509766,2.0,1.0,1.0,0.6570541873719044,-0.2683361277251515,0.429791908848353,-0.2053797436923598
filebc494d5a79.31,634025.0,3407035.0,76.40075737,30.78880211,244.262,8.553,0.105,50.61,19.488,0.45,1.5,263.424,26.0434783,226.23663330078125,4.0,113.11697387695312,3.0,1.0,1.0,0.3837811162288375,-0.1389734173139279,0.2578668407751447,-0.0363649334296452
filebc494d5a79.32,633795.0,3407275.0,76.39838547,30.79099305,230.165,8.504,0.099,28.3416,23.296,0.375,0.625,213.248,14.0652174,227.3812561035156,4.0,209.36680603027344,3.0,1.0,1.0,0.709735004246616,-0.332477288605464,0.4486200415261551,-0.2706314095992131
filebc494d5a79.33,628595.0,3406285.0,76.34392527,30.78263703,247.164,8.391,0.097,49.2604,15.008,0.3,0.25,225.792,9.99782609,223.91880798339844,3.0,318.0583801269531,1.0,2.0,1.0,0.5748844916984654,-0.2044486091769407,0.3655375115314883,-0.1308343519347133
filebc494d5a79.34,627815.0,3408295.0,76.33602623,30.80085358,202.304,8.44,0.11,43.1872,32.704,0.315,0.625,225.792,12.5065217,224.79139709472656,3.0,152.39230346679688,2.0,1.0,1.0,0.5306098340215364,-0.2443203669231527,0.364407707205249,-0.1406750013450931
filebc494d5a79.35,627225.0,3401805.0,76.32905543,30.74237002,255.342,8.143,0.142,120.1144,87.36,0.375,0.25,175.616,19.0956522,220.04766845703125,3.0,84.62013244628906,3.0,1.0,1.0,0.6008316148936949,-0.1837048569843608,0.3298250178344847,-0.1289156746734824
filebc494d5a79.36,626225.0,3403655.0,76.31883872,30.75916576,255.465,8.256,0.104,36.4392,51.072,0.375,0.375,225.792,13.8369565,223.1831970214844,3.0,313.992431640625,3.0,1.0,1.0,0.487441490027276,-0.0898315982884952,0.2337052817782898,-0.067420842975542
filebc494d5a79.37,636275.0,3407425.0,76.42431895,30.79206401,225.907,8.521,0.074,19.5692,14.56,0.3,0.125,225.792,15.273913,226.3918609619141,3.0,49.0335693359375,2.0,1.0,1.0,0.6844275156072301,-0.2740793889998219,0.3970317500561466,-0.2247180004000027
filebc494d5a79.38,632485.0,3402965.0,76.3841404,30.75225992,263.105,8.285,0.129,103.9192,108.416,0.5775,0.375,188.16,14.0652174,223.40618896484372,3.0,80.39527130126953,2.0,1.0,1.0,0.5921129971078022,-0.2643141079798939,0.3593712772881172,-0.1922323191106091
filebc494d5a79.39,633645.0,3404185.0,76.39641537,30.76313554,215.703,8.348,0.107,43.862,19.712,0.8625,0.25,263.424,10.7152174,223.1671905517578,5.0,286.65692138671875,2.0,1.0,1.0,0.3708523304150681,-0.0110364762043511,0.2117909470075473,0.0391214666168546
filebc494d5a79.40,623905.0,3411195.0,76.29551578,30.82742977,169.849,8.171,0.139,81.6508,67.424,0.3,0.5,225.792,11.7543478,222.55645751953125,3.0,262.4258728027344,3.0,1.0,1.0,0.4792851162880687,-0.1711866324074657,0.3054181414018033,-0.0889203698264664
filebc494d5a79.41,631105.0,3408225.0,76.37039883,30.79986312,239.261,8.332,0.113,47.236,16.128,0.4125,0.5,188.16,14.0652174,224.5552520751953,3.0,153.76406860351562,3.0,2.0,1.0,0.476837529941532,-0.1433353135044033,0.2811361826133511,-0.0669259880625244
filebc494d5a79.42,634255.0,3407155.0,76.40317632,30.78985861,115.802,8.323,0.13,92.4476,40.32,0.675,2.5,301.056,31.2771739,227.22804260253903,5.0,172.23129272460938,3.0,1.0,1.0,0.3389928804476639,-0.0011540876387772,0.173582305111007,0.031801389668844
filebc494d5a79.43,636595.0,3406225.0,76.42750271,30.78120237,141.346,7.027,0.123,76.2524,10.08,0.1875,0.25,163.072,7.52826087,225.68878173828125,4.0,356.7802734375,3.0,1.0,1.0,0.6268343930375221,-0.279066833265437,0.3598852038502241,-0.2135273448279461
filebc494d5a79.44,624125.0,3410475.0,76.29772818,30.82091152,210.86,8.149,0.067,124.838,9.408,0.12,0.375,125.44,14.0652174,225.1134796142578,5.0,39.28337860107422,3.0,1.0,1.0,0.3969736058022992,-0.0778785291978177,0.2281643252854011,-0.0121163955842272
filebc494d5a79.45,632775.0,3408215.0,76.38784922,30.7995872,307.897,8.567,0.081,16.87,23.968,0.21,1.875,150.528,14.0652174,226.34103393554688,3.0,64.18331146240234,2.0,1.0,1.0,0.4883646227826391,-0.1362411252556721,0.2812211161471933,-0.0791509270524754
filebc494d5a79.46,625075.0,3414415.0,76.30814035,30.85635477,292.922,8.401,0.09,8.0976,25.76,0.075,0.5,175.616,14.0652174,228.8179931640625,6.0,338.9110717773437,3.0,1.0,1.0,0.5843497637848543,-0.2141296430645642,0.3392080047067682,-0.1469292106350751
filebc494d5a79.47,628225.0,3407385.0,76.34019699,30.7926002,126.978,8.573,0.069,35.0896,23.296,0.195,0.625,125.44,15.3565217,225.614990234375,3.0,221.74688720703125,3.0,1.0,1.0,0.5575324241516861,-0.1771189236870989,0.3401850668193373,-0.1121258164571157
filebc494d5a79.48,632165.0,3403025.0,76.38080574,30.7528368,173.811,8.466,0.114,34.4148,20.16,0.3525,0.5,188.16,14.0652174,222.8145904541016,2.0,116.52517700195312,3.0,1.0,1.0,0.3689145272219584,-0.0334876122176543,0.1974141194053464,0.0179583253446907
filebc494d5a79.49,636565.0,3410055.0,76.42769992,30.81575509,246.838,8.44,0.097,29.0164,15.232,0.4125,0.5,225.792,10.5543478,227.39915466308597,2.0,0.3824081420898437,1.0,1.0,1.0,0.7254326738002901,-0.3490825395844572,0.441134484749747,-0.2931260326577835
filebc494d5a79.50,626865.0,3415935.0,76.32704636,30.8698762,214.374,8.506,0.046,27.6668,10.752,0.1275,0.5,150.528,10.9478261,222.9535217285156,2.0,309.9249267578125,2.0,1.0,1.0,0.5073322715566665,-0.1468500041766241,0.3066981301093475,-0.0737056972883365
filebc494d5a79.51,629895.0,3406315.0,76.35751196,30.78276615,265.433,8.57,0.109,66.1304,14.112,0.525,1.0,288.512,10.1195652,223.1639862060547,2.0,312.3065185546875,2.0,2.0,1.0,0.3939205168126791,-0.0986607703059759,0.2309168573217955,-0.0267926827947885
filebc494d5a79.52,630955.0,3408405.0,76.36885432,30.80150345,199.66,8.489,0.104,76.9272,12.096,0.6825,0.25,225.792,1.37173913,226.73475646972656,2.0,331.2721252441406,2.0,2.0,1.0,0.5214592247230266,-0.1008095840194775,0.3088235325945493,-0.0425441166598409
filebc494d5a79.53,627295.0,3399525.0,76.3295041,30.72179428,254.013,8.448,0.096,43.1872,11.2,0.3375,1.0,250.88,14.0652174,221.62828063964844,4.0,124.13931274414062,2.0,1.0,1.0,0.4680998648510191,-0.097175455783807,0.2568493222532755,-0.0481790686539761
filebc494d5a79.54,624915.0,3406675.0,76.30552227,30.78654818,184.646,8.401,0.086,56.6832,33.824,0.3375,0.75,225.792,15.3608696,222.7506866455078,2.0,231.6719970703125,2.0,1.0,1.0,0.4024633792426177,-0.1015818920013551,0.2265742095284418,-0.0321924079838133
filebc494d5a79.55,626635.0,3405085.0,76.32329807,30.77202236,174.15,8.623,0.091,64.106,8.064,0.6375,0.75,225.792,15.8130435,227.6938018798828,4.0,160.37286376953125,3.0,1.0,1.0,0.4724233769506383,-0.1138973434169915,0.2961583053934389,-0.0442685565926915
filebc494d5a79.56,627845.0,3406675.0,76.33613759,30.78623625,232.797,8.431,0.115,18.8944,45.92,0.3525,0.875,225.792,19.7326087,224.74270629882807,5.0,142.79629516601562,2.0,1.0,1.0,0.5497782315655095,-0.2177360849259479,0.3260475057384878,-0.1369362447813797
filebc494d5a79.57,631255.0,3412625.0,76.37253079,30.83953841,249.203,8.569,0.098,42.5124,44.576,0.375,0.5,238.336,20.1695652,225.29725646972656,2.0,221.6508636474609,2.0,1.0,1.0,0.4140302622251413,-0.056043809583809,0.2456325919482404,0.0012408060920492
filebc494d5a79.58,631595.0,3405785.0,76.37520607,30.77779785,163.064,8.572,0.109,62.0816,78.4,0.5625,4.25,313.6,14.0652174,225.07525634765625,3.0,227.97325134277344,3.0,1.0,1.0,0.4654818868129964,-0.1088699212596726,0.2577592684105061,-0.0461684936251965
filebc494d5a79.59,629595.0,3410105.0,76.35485701,30.81698842,138.127,8.8,0.064,37.7888,6.72,0.2625,0.5,175.616,14.0652174,228.0869903564453,4.0,81.68408966064453,3.0,1.0,1.0,0.4155167331792633,-0.0633494665892351,0.2460356007158004,-0.0055782275858297
filebc494d5a79.60,633955.0,3408735.0,76.40024825,30.80414538,198.35,8.411,0.085,68.8296,9.408,0.165,1.125,188.16,20.4217391,225.0008087158203,3.0,308.2369384765625,2.0,1.0,1.0,0.4675052240624184,-0.0806638023515194,0.2552785425921275,-0.0349332282535552
filebc494d5a79.61,630215.0,3405535.0,76.36075637,30.77569473,282.749,8.442,0.107,49.9352,7.168,0.39,0.25,200.704,14.0652174,224.8467559814453,3.0,121.37989807128906,3.0,1.0,1.0,0.4239692412902084,-0.1463240522224906,0.2566648636323789,-0.0614458776535218
filebc494d5a79.62,627385.0,3406355.0,76.33129135,30.78339895,173.769,8.398,0.112,64.7808,73.024,0.315,0.375,188.16,14.0652174,224.49301147460935,3.0,71.56050109863281,2.0,1.0,1.0,0.6056930697908057,-0.401533958389043,0.4060287609224564,-0.2927540827617346
filebc494d5a79.63,628325.0,3400675.0,76.34040279,30.73205796,222.719,8.4,0.133,116.0656,8.288,0.465,1.125,188.16,14.0652174,225.4755859375,7.0,60.94023895263672,3.0,1.0,1.0,0.4147407990275247,-0.0779298289158762,0.2428676020115695,-0.0092201786351989
filebc494d5a79.64,633215.0,3405645.0,76.39211316,30.7763543,191.25,8.23,0.171,180.1716,19.712,0.675,1.375,200.704,14.0652174,224.5482635498047,3.0,281.7798156738281,2.0,1.0,1.0,0.6548435054358649,-0.2563928479009864,0.394434456807033,-0.1995677186973097
filebc494d5a79.65,627005.0,3399735.0,76.32650188,30.72371971,251.05,8.54,0.131,109.3176,8.96,0.615,0.5,225.792,21.126087,221.33023071289065,3.0,304.38739013671875,2.0,1.0,1.0,0.7191780920951296,-0.3098499590145171,0.4444967141572842,-0.2592196669733864
filebc494d5a79.66,625345.0,3411945.0,76.31066064,30.83404417,194.453,8.488,0.078,22.9432,13.664,0.36,0.75,263.424,17.1521739,223.4288024902344,2.0,163.71340942382812,3.0,1.0,1.0,0.5187376708447229,-0.1498257958603254,0.2943297728477165,-0.0920930281557089
filebc494d5a79.67,624245.0,3400055.0,76.29772008,30.72689788,152.73,8.596,0.104,48.5856,10.528,0.24,0.375,200.704,8.72173913,221.9904937744141,5.0,139.99728393554688,3.0,1.0,1.0,0.4699945655067797,-0.1765091211174676,0.2982344961294294,-0.0935046490582192
filebc494d5a79.68,630465.0,3407325.0,76.36359609,30.79181482,206.35,8.42,0.116,93.1224,32.032,0.255,0.5,150.528,19.2456522,223.7385406494141,2.0,190.97329711914065,2.0,2.0,1.0,0.4621532815002099,-0.2228047367490205,0.2700384707571787,-0.1229155091881977
filebc494d5a79.69,625965.0,3404375.0,76.31621115,30.76568859,272.806,8.352,0.125,97.846,14.784,0.2775,0.75,225.792,1.02173913,221.8495330810547,2.0,289.72802734375,2.0,1.0,1.0,0.400412064189004,-0.0988951658118609,0.2210566083476674,-0.0312143025509205
filebc494d5a79.70,626495.0,3416275.0,76.32321906,30.87298295,273.155,8.373,0.152,68.8296,11.648,0.675,0.5,263.424,14.0652174,221.33831787109372,2.0,4.729072570800781,2.0,1.0,1.0,0.3633519329933844,-0.1042309281968613,0.2309088866691589,-0.0216145934458381
filebc494d5a79.71,636455.0,3405525.0,76.42594685,30.77490395,292.225,8.482,0.113,60.0572,12.096,0.375,0.25,225.792,20.9521739,226.8852386474609,4.0,208.7229766845703,2.0,1.0,1.0,0.5395621058212098,-0.0902671352259104,0.2554916879170688,-0.0579286257748985
filebc494d5a79.72,629125.0,3406215.0,76.3494541,30.78194804,249.9,8.696,0.068,27.6668,6.048,0.12,0.5,188.16,14.0652174,222.4722595214844,2.0,313.3414001464844,2.0,1.0,1.0,0.4812834043495852,-0.1538661899743309,0.2702702591839966,-0.0898407857781236
filebc494d5a79.73,633675.0,3407385.0,76.39714593,30.79199887,260.83,8.628,0.099,43.1872,5.6,0.0375,0.5,225.792,3.24347826,229.4644470214844,4.0,292.47125244140625,3.0,1.0,1.0,0.5462496605967376,-0.2094951859843143,0.3523880082970235,-0.1277922460352108
filebc494d5a79.74,625835.0,3410205.0,76.31556909,30.81829555,209.5,8.393,0.084,136.9844,16.128,0.4875,0.375,188.16,14.0652174,226.99386596679688,4.0,70.1290283203125,3.0,1.0,1.0,0.515270428024667,-0.2200276438179148,0.3471326859226259,-0.1215715177985039
filebc494d5a79.75,626045.0,3406475.0,76.31730501,30.78462451,303.245,8.239,0.098,85.6996,12.544,0.4125,0.25,200.704,18.4304348,223.37582397460935,2.0,167.21588134765625,2.0,1.0,1.0,0.3564166744937831,-0.1068895036162862,0.216149398632026,-0.0101535589861223
filebc494d5a79.76,628195.0,3409095.0,76.34009754,30.8080294,231.159,8.293,0.11,73.5532,19.264,0.3,0.375,225.792,9.9673913,224.93214416503903,2.0,327.10992431640625,3.0,1.0,1.0,0.6511698549367857,-0.2499137463531999,0.387709559094524,-0.1905636144795683
filebc494d5a79.77,623445.0,3406945.0,76.29019471,30.78913769,258.5,8.34,0.11,93.1224,13.664,0.315,0.5,225.792,14.0652174,223.2261505126953,2.0,174.88787841796875,2.0,1.0,1.0,0.2657200768442523,-0.0365448513206897,0.1481527976092455,0.0391616029589503
filebc494d5a79.78,628055.0,3404005.0,76.33799844,30.76212735,263.215,8.578,0.088,77.602,16.128,0.975,0.5,263.424,14.0652174,222.10125732421875,3.0,327.11212158203125,2.0,2.0,1.0,0.6245161208451477,-0.2819142308347491,0.3585185155205711,-0.2140814606705663
filebc494d5a79.79,627615.0,3403885.0,76.33338718,30.76109216,287.54,8.505,0.09,47.236,29.12,0.45,0.125,188.16,14.0652174,222.7057037353516,2.0,49.63600540161133,2.0,1.0,1.0,0.5552117162828106,-0.2105551190733784,0.3460459469455428,-0.135882698576314
filebc494d5a79.80,630845.0,3414545.0,76.36849034,30.8569038,279.63,8.566,0.083,27.6668,16.352,0.39,0.375,250.88,14.0652174,227.03643798828125,3.0,152.99423217773438,3.0,1.0,1.0,0.2183298555493153,0.0435558249937854,0.11317976442416,0.0635375006079096
filebc494d5a79.81,626355.0,3402045.0,76.31999854,30.74462786,242.161,8.341,0.081,33.0652,19.712,0.4125,0.25,288.512,14.0652174,221.90093994140625,3.0,138.75454711914062,3.0,1.0,1.0,0.6518565511901168,-0.2668857247965004,0.3779904315295188,-0.2203775703442664
filebc494d5a79.82,625945.0,3415755.0,76.31740282,30.8683507,216.58,8.5,0.098,8.7724,17.024,0.3,1.875,275.968,14.0652174,221.6583404541016,2.0,334.4847412109375,2.0,1.0,1.0,0.5193708037991319,-0.1927738670227588,0.3171469213574835,-0.1117208397064342
filebc494d5a79.83,634165.0,3411345.0,76.40278503,30.82766585,216.29,8.587,0.083,47.9108,17.696,0.36,0.125,200.704,14.0652174,224.46697998046875,4.0,296.06500244140625,1.0,1.0,1.0,0.4567697337291342,-0.1746201167264242,0.2582404006216502,-0.0948333613705516
filebc494d5a79.84,627055.0,3405055.0,76.32768224,30.77170688,180.84,8.606,0.084,55.3336,18.592,0.2775,0.125,200.704,13.4826087,222.12168884277344,1.0,146.11492919921875,2.0,1.0,1.0,0.4081964676333175,-0.0595569376973868,0.2469419343297049,0.0087520291964223
filebc494d5a79.85,632915.0,3403775.0,76.38873661,30.75951885,192.022,8.552,0.081,80.976,11.872,0.375,0.25,225.792,0.86304348,223.87298583984372,2.0,11.159446716308594,3.0,1.0,1.0,0.4166902443638625,-0.0552044063480704,0.2588752257958006,0.0096398458176266
filebc494d5a79.86,625485.0,3403905.0,76.31113925,30.76149942,201.69,8.331,0.154,94.472,18.144,0.435,0.5,225.792,18.3347826,220.7135772705078,2.0,54.34028625488281,3.0,1.0,1.0,0.4859296540171413,-0.160745855890654,0.3230512363806832,-0.080503253304531
filebc494d5a79.87,627015.0,3407815.0,76.32760636,30.79660938,207.628,8.416,0.099,90.4232,0.448,0.3525,0.25,200.704,15.276087,223.8106231689453,1.0,312.0060119628906,2.0,1.0,1.0,0.5253214653725817,-0.1450803052675964,0.340823991082439,-0.0736668017753168
filebc494d5a79.88,622955.0,3408085.0,76.28521135,30.79947275,186.208,8.229,0.118,202.44,41.216,0.6,0.375,225.792,7.2673913,221.34327697753903,3.0,335.753173828125,1.0,2.0,1.0,0.554212828149119,-0.182177945163195,0.3103772422533547,-0.1208769740957524
filebc494d5a79.89,628845.0,3403185.0,76.346148,30.75464468,212.058,8.665,0.072,85.6996,12.992,0.225,0.25,200.704,14.0652174,222.40310668945312,1.0,238.03396606445312,2.0,1.0,1.0,0.3401733695927375,0.0126417309567706,0.1842777803771803,0.0564027151705892
filebc494d5a79.90,627505.0,3409415.0,76.33292608,30.81099051,266.514,8.486,0.09,26.992,35.168,0.48,0.5,188.16,18.9130435,226.088623046875,4.0,193.1351623535156,3.0,1.0,1.0,0.4238185174899492,-0.0909617464920543,0.2199476738268939,-0.0331812422936051
filebc494d5a79.91,627015.0,3415405.0,76.3285491,30.86507899,210.809,8.66,0.077,45.2116,16.128,0.36,2.0,263.424,19.473913,225.21278381347656,3.0,145.13934326171875,2.0,1.0,1.0,0.5804643742036036,-0.2927308289450101,0.3729850180465978,-0.1931589477273989
filebc494d5a79.92,625435.0,3412215.0,76.31163464,30.83647033,263.699,8.609,0.105,37.7888,18.144,0.6,0.5,301.056,16.5108696,223.61671447753903,2.0,188.14111328125,2.0,1.0,1.0,0.1855541872618207,0.0960595001303114,0.0904980510481923,0.1245853973595816
filebc494d5a79.93,626135.0,3414545.0,76.31924032,30.85741504,253.72,8.411,0.128,107.2932,21.28,0.3,1.0,188.16,14.0652174,223.6078643798828,1.0,238.5562744140625,2.0,1.0,1.0,0.5252009000867249,-0.2213383369251499,0.3201246828671111,-0.1380090640604312
filebc494d5a79.94,635845.0,3406355.0,76.41968401,30.78246111,299.536,8.522,0.08,50.61,29.792,0.3375,0.375,188.16,15.2869565,225.52247619628903,1.0,229.64370727539065,2.0,1.0,1.0,0.5703012012078172,-0.1645962798144695,0.3276883376134449,-0.1042091752759289
filebc494d5a79.95,624895.0,3411075.0,76.30585003,30.82624332,174.429,8.525,0.076,89.0736,11.2,0.315,2.75,225.792,16.0543478,223.7626190185547,1.0,215.8916931152344,2.0,1.0,1.0,0.5993511650157961,-0.23301375549853,0.3822853149767838,-0.1625567762280742
filebc494d5a79.96,627665.0,3412155.0,76.33494026,30.83569087,214.11,8.426,0.099,114.716,17.248,0.66,0.625,225.792,1.09347826,225.5681915283203,1.0,346.22723388671875,3.0,1.0,1.0,0.3537553207923798,0.0419224128445555,0.1864907034014869,0.0760146085848117
filebc494d5a79.97,632395.0,3405185.0,76.38348679,30.77229639,207.87,8.482,0.108,84.35,12.544,0.45,1.75,250.88,24.9673913,223.35809326171875,2.0,132.32057189941406,2.0,1.0,1.0,0.6724110292539253,-0.2876984303704279,0.3863594479480702,-0.2302058767750257
filebc494d5a79.98,628785.0,3405245.0,76.34577984,30.77323456,242.981,8.403,0.139,187.5944,27.328,0.525,0.5,225.792,9.26521739,223.5548858642578,1.0,279.9330444335937,2.0,2.0,1.0,0.4899866453235886,-0.1171171266729623,0.2959500636198846,-0.0493858124161101
filebc494d5a79.99,632895.0,3412835.0,76.38970331,30.84124992,220.898,8.457,0.236,178.1472,37.184,0.825,1.75,301.056,14.0652174,226.80810546875,3.0,79.65708923339844,3.0,1.0,1.0,0.4600143896048725,-0.1156069259843359,0.2463348647936639,-0.0624751196414115
filebc494d5a79.100,635005.0,3406305.0,76.41090104,30.78210588,318.362,8.496,0.145,284.0908,25.536,0.675,2.5,313.6,12.6391304,224.09359741210935,1.0,71.22169494628906,3.0,1.0,1.0,0.5185643597736969,-0.153466519716583,0.3053935850229137,-0.0870796578508714
filebc494d5a79.101,630035.0,3408075.0,76.35919808,30.79862773,180.904,8.274,0.151,247.6516,39.648,0.525,1.25,250.88,14.0652174,224.6163787841797,1.0,263.9869384765625,2.0,1.0,1.0,0.4302229315096794,-0.0261676583902119,0.2715741713421081,0.0276697344831744
filebc494d5a79.102,629315.0,3408055.0,76.35167149,30.798526,213.699,8.538,0.081,75.5776,11.2,0.45,1.0,238.336,22.1130435,224.8890686035156,2.0,130.24990844726562,2.0,1.0,1.0,0.4509261955411375,-0.1070562224064867,0.2839155236794098,-0.0353652955421825
filebc494d5a79.103,633085.0,3409345.0,76.3912356,30.80974601,298.332,8.322,0.115,84.35,141.568,0.4125,0.5,213.248,15.3586957,224.8170623779297,2.0,139.3773956298828,2.0,1.0,1.0,0.715253278999219,-0.342314485975434,0.444987419498291,-0.2818157218388205
filebc494d5a79.104,628785.0,3401075.0,76.34525668,30.7356167,221.004,8.542,0.101,123.4884,22.4,0.675,2.75,275.968,9.58913043,221.03152465820312,2.0,181.8924102783203,2.0,1.0,1.0,0.6351505237394602,-0.2827779706767665,0.3626199954785197,-0.206701639478188
filebc494d5a79.105,634295.0,3410715.0,76.40406121,30.82196806,254.718,8.769,0.088,91.7728,30.464,0.165,1.75,263.424,19.9934783,226.2173614501953,3.0,109.50545501708984,2.0,1.0,1.0,0.4821786964438509,-0.1614073369202054,0.2844184341531467,-0.0898479132787214
filebc494d5a79.106,626005.0,3403185.0,76.3164829,30.75494915,180.737,8.867,0.084,148.456,18.592,0.4425,4.0,125.44,13.5217391,223.00462341308597,1.0,187.52517700195312,3.0,1.0,1.0,0.658800549943101,-0.2625558009363063,0.3947937402989888,-0.2084998431873351
filebc494d5a79.107,630205.0,3405045.0,76.36058968,30.77127554,287.667,8.418,0.163,175.448,24.416,0.57,2.25,225.792,17.7217391,224.350341796875,2.0,14.702293395996094,2.0,1.0,1.0,0.4341197085781496,-0.1656665886685005,0.2499845879339593,-0.0785661241249027
filebc494d5a79.108,626815.0,3402085.0,76.3248079,30.74493974,289.737,8.459,0.151,229.432,13.216,0.285,0.75,175.616,17.6586957,221.16001892089844,2.0,242.97201538085935,1.0,1.0,1.0,0.382376052907447,0.0222593254052574,0.193317406095468,0.0557680766076898
filebc494d5a79.109,637035.0,3404465.0,76.43186461,30.76527521,319.51,8.486,0.126,74.9028,14.336,0.5775,0.25,225.792,10.7304348,225.9462738037109,4.0,160.8617706298828,2.0,1.0,1.0,0.4682899004067042,-0.0715983029887859,0.2907876085456902,-0.011788420426966
filebc494d5a79.110,632935.0,3404505.0,76.3890401,30.76610187,281.89,8.503,0.088,45.8864,12.32,0.4875,0.375,301.056,14.0652174,223.2419891357422,3.0,142.009765625,3.0,1.0,1.0,0.3559952614661069,-0.0172544930724159,0.1984226737520518,0.027204845865985
filebc494d5a79.111,636005.0,3407935.0,76.4215654,30.79669555,231.699,8.401,0.094,42.5124,15.008,0.48,0.875,225.792,14.0652174,226.5182342529297,2.0,317.33795166015625,2.0,1.0,1.0,0.3658766026203637,-0.0033436810469085,0.2135788736322272,0.0536634284224558
filebc494d5a79.112,630375.0,3403205.0,76.3621319,30.75465826,202.942,8.427,0.099,55.3336,19.712,1.575,0.5,225.792,14.0652174,221.9842834472656,2.0,7.691169738769531,2.0,1.0,1.0,0.3758528743095035,-0.1488729322240058,0.227033816904284,-0.0515322761034869
filebc494d5a79.113,622845.0,3407795.0,76.28402702,30.79686799,165.024,8.508,0.093,66.1304,10.528,0.54,1.0,225.792,13.4347826,225.75698852539065,5.0,23.6004638671875,3.0,2.0,1.0,0.3807572740307663,0.00011867868423648872,0.216415141741685,0.0393459184650895
filebc494d5a79.114,633175.0,3411465.0,76.39245213,30.82886001,211.569,8.386,0.121,124.838,13.888,0.5775,1.25,225.792,20.4934783,225.85829162597656,1.0,17.25745391845703,2.0,1.0,1.0,0.4885191384222709,-0.1322617371966941,0.2750780728712397,-0.0683055026971095
filebc494d5a79.115,629665.0,3410435.0,76.35563047,30.81995768,286.937,8.427,0.094,107.968,13.664,0.2925,0.25,225.792,1.32608696,226.3014373779297,3.0,191.52084350585935,3.0,1.0,1.0,0.566378189929316,-0.2136849496920686,0.3443836764794464,-0.1402699346930185
filebc494d5a79.116,624075.0,3401395.0,76.29610663,30.73900414,264.51,8.434,0.09,39.8132,12.32,0.4875,0.625,200.704,14.0652174,221.06072998046875,1.0,271.23712158203125,1.0,1.0,1.0,0.3645312399345926,-0.0668685373545938,0.2092054170380725,0.0012367437255909
filebc494d5a79.117,626735.0,3415165.0,76.32559123,30.86294397,307.042,8.663,0.096,10.122,16.8,0.2325,1.25,200.704,15.3347826,222.75799560546875,1.0,190.742431640625,2.0,1.0,1.0,0.515040725094425,-0.1571464990725455,0.2902228900945998,-0.0997457104248339
filebc494d5a79.118,628045.0,3411445.0,76.33882394,30.82924497,292.669,8.369,0.087,62.7564,33.824,0.225,0.5,225.792,14.0652174,225.88926696777344,1.0,229.5378570556641,3.0,1.0,1.0,0.5110053738364202,-0.1286381047285777,0.3081798767232753,-0.0629629872593442
filebc494d5a79.119,632485.0,3404575.0,76.38434824,30.7667836,247.06,8.665,0.072,58.0328,18.592,0.2475,0.5,225.792,10.1586957,222.7373962402344,2.0,47.48821258544922,3.0,1.0,1.0,0.5218406228158639,-0.1696565923947025,0.2934741911898333,-0.1105613828799157
filebc494d5a79.120,635845.0,3410095.0,76.42018005,30.81619862,196.767,8.169,0.141,129.5616,23.968,0.54,0.5,225.792,10.2217391,227.02850341796875,1.0,186.74737548828125,2.0,1.0,1.0,0.599351184344417,-0.1958762983483946,0.3428704029877321,-0.1432875297747914
filebc494d5a79.121,632805.0,3411755.0,76.3886221,30.83151756,270.032,8.427,0.099,55.3336,19.712,1.575,0.5,225.792,14.0652174,226.12376403808597,2.0,292.7928161621094,2.0,1.0,1.0,0.4448841204144367,-0.1238870116880337,0.2765284670076242,-0.0445675862664208
filebc494d5a79.122,624545.0,3405185.0,76.30147513,30.77314547,212.965,8.418,0.094,99.1956,104.16,0.33,1.0,250.88,14.0652174,221.43832397460935,1.0,353.5048828125,2.0,1.0,1.0,0.4518686238834676,-0.1251254016036683,0.2589147777542619,-0.0593466592712556
filebc494d5a79.123,636065.0,3409405.0,76.4223877,30.80994911,231.5495,8.538,0.12,35.0896,22.4,0.285,0.5,388.864,14.0652174,226.96282958984372,1.0,196.31927490234372,2.0,1.0,1.0,0.4834525124687873,-0.1712184860796235,0.272309998680922,-0.090311980695246
filebc494d5a79.124,628675.0,3410635.0,76.34530773,30.82186974,196.608,8.464,0.112,79.6264,12.544,0.48,0.125,225.792,11.0369565,224.8949279785156,2.0,291.9847412109375,2.0,1.0,1.0,0.4564435980986292,-0.0843527249188657,0.2525089922859145,-0.0380616494185586
filebc494d5a79.125,627945.0,3403895.0,76.33683564,30.76114688,202.432,8.342,0.114,28.3416,27.328,0.6,0.5,288.512,1.68478261,222.52003479003903,1.0,269.8313293457031,3.0,2.0,1.0,0.7353721947193003,-0.3725852571467878,0.5349693503019626,-0.2981541519586723
filebc494d5a79.126,631695.0,3405025.0,76.37615324,30.77093086,265.892,8.585,0.083,50.61,7.84,0.21,0.25,225.792,5.8326087,223.78668212890625,2.0,155.04409790039062,3.0,1.0,1.0,0.4723850588756782,-0.1627680257392141,0.2786676344013403,-0.0941735542240948
filebc494d5a79.127,633775.0,3409905.0,76.39852006,30.81472002,223.759,8.562,0.085,55.3336,25.984,0.3,0.5,250.88,12.6630435,224.79513549804688,1.0,223.05923461914065,2.0,1.0,1.0,0.3491124286441583,0.0063194690731581,0.2112171851713601,0.0554179600949443
filebc494d5a79.128,621795.0,3406385.0,76.27288668,30.78425622,225.606,8.472,0.076,51.9596,13.664,0.2475,0.25,163.072,7.6826087,226.8790283203125,4.0,243.80767822265625,3.0,1.0,1.0,0.1755593599254514,0.0525950877876655,0.1081781632420628,0.1056196632062514
filebc494d5a79.129,627225.0,3409865.0,76.33005559,30.81508005,226.185,8.285,0.086,45.2116,15.008,0.4125,0.25,200.704,13.2282609,224.9086151123047,1.0,15.424781799316406,2.0,1.0,1.0,0.6019746035035383,-0.2823755449346482,0.3746050287678294,-0.1973062912399397
filebc494d5a79.130,628225.0,3414275.0,76.34106062,30.85475484,173.46,8.296,0.101,33.74,14.336,0.45,0.5,288.512,6.05434783,225.38983154296875,2.0,126.1950225830078,2.0,1.0,1.0,0.5577557712493948,-0.2065733440982058,0.3253376440791269,-0.1480737698094033
filebc494d5a79.131,633635.0,3406375.0,76.39659627,30.78289233,171.686,8.269,0.126,116.7404,44.352,0.6975,2.0,238.336,14.0652174,224.48760986328125,1.0,197.47271728515625,3.0,1.0,1.0,0.5702254965464808,-0.2486498417994988,0.3626886408299197,-0.1621823205387719
filebc494d5a79.132,631715.0,3411745.0,76.37722646,30.83154901,265.157,8.421,0.12,62.0816,33.824,0.5625,1.875,200.704,14.0652174,224.9470977783203,2.0,73.4791488647461,3.0,1.0,1.0,0.4354460196791961,-0.1135897911476587,0.2647478630200824,-0.0409626575153337
filebc494d5a79.133,632515.0,3413285.0,76.38578892,30.84535185,293.582,8.423,0.104,70.1792,21.056,0.45,2.375,213.248,20.6782609,225.4723663330078,1.0,22.88956451416016,2.0,1.0,1.0,0.7466520272162922,-0.3812499828610777,0.5339089452029407,-0.3129459576474911
filebc494d5a79.134,637635.0,3405225.0,76.43823426,30.77206159,294.479,8.517,0.112,36.4392,41.44,0.6525,1.35,288.512,24.3630435,226.52120971679688,1.0,304.0992126464844,2.0,1.0,1.0,0.3860488697660869,0.0155606927678009,0.1645909476891545,0.0419822565605547
filebc494d5a79.135,629385.0,3413335.0,76.35307076,30.84614898,187.827,8.432,0.105,184.2204,34.944,0.615,0.25,225.792,26.5163043,226.0197296142578,2.0,185.2397308349609,2.0,1.0,1.0,0.4191702366475927,-0.125993206356047,0.2255002578363411,-0.0546623901093664
filebc494d5a79.136,625815.0,3410255.0,76.31536619,30.81874873,219.803,8.376,0.147,149.1308,74.816,0.5625,1.825,263.424,14.0652174,224.39016723632807,4.0,343.48358154296875,2.0,1.0,1.0,0.7651694199321742,-0.3852813634731409,0.4961394283910648,-0.3314936002044425
filebc494d5a79.137,628695.0,3411995.0,76.34568791,30.83413609,144.54,8.608,0.091,50.61,27.552,0.525,0.375,238.336,17.6282609,225.45327758789065,1.0,144.88722229003906,3.0,1.0,1.0,0.4116564560194062,-0.0655244306412719,0.2437046112166199,-0.0040147262256282
filebc494d5a79.138,628705.0,3400865.0,76.34439491,30.73373092,284.066,8.575,0.093,33.74,14.336,0.345,0.25,100.352,14.0652174,220.7105865478516,3.0,25.39972686767578,3.0,1.0,1.0,0.3292813753947415,0.0487399302312282,0.1771835349183445,0.0797867562677006
filebc494d5a79.139,632645.0,3412935.0,76.38710264,30.84218002,285.015,8.521,0.092,26.3172,21.056,0.3975,0.375,200.704,13.4478261,228.6690826416016,3.0,0.8600540161132812,3.0,1.0,1.0,0.4574251490051845,-0.1827437197902095,0.2671734926713939,-0.0957174474774637
filebc494d5a79.140,629395.0,3402025.0,76.35174676,30.74412051,248.827,8.427,0.095,64.7808,17.248,0.315,0.25,225.792,9.83913043,222.20309448242188,1.0,122.74986267089844,2.0,1.0,1.0,0.4074203160364625,-0.10654615623314,0.2228892776618409,-0.03264789010033
filebc494d5a79.141,633695.0,3406775.0,76.39727533,30.78649391,211.947,8.551,0.098,77.602,10.752,0.3,1.25,263.424,7.19130435,224.7071990966797,2.0,163.36465454101562,3.0,1.0,1.0,0.3931011672369136,-0.0893927503231885,0.2211424408517217,-0.0141890060858037
filebc494d5a79.142,630465.0,3409085.0,76.36382029,30.80769167,239.423,8.508,0.127,29.6912,99.68,0.375,1.75,263.424,14.0652174,224.62289428710935,1.0,48.813087463378906,3.0,1.0,1.0,0.391734552204382,-0.1079703433740669,0.2393314216712007,-0.0331244316711348
filebc494d5a79.143,624295.0,3400375.0,76.29828091,30.72977947,282.606,8.463,0.112,80.3012,25.536,0.45,0.625,263.424,14.0652174,222.4740447998047,4.0,28.11163711547852,3.0,1.0,1.0,0.3237593171871495,0.0172739248500452,0.1723437228837392,0.058082695871038
filebc494d5a79.144,633105.0,3411155.0,76.39168006,30.82607142,303.219,8.594,0.118,72.8784,13.888,0.2775,1.625,225.792,16.0108696,225.08106994628903,1.0,355.05401611328125,2.0,1.0,1.0,0.315712180890037,0.0368180826494256,0.1670119039135149,0.0695327179645782
filebc494d5a79.145,628785.0,3400195.0,76.3451464,30.72767812,213.508,8.495,0.109,8.7724,11.648,0.4875,3.75,288.512,17.7391304,221.63006591796875,2.0,352.53973388671875,3.0,1.0,1.0,0.4071782378501017,-0.0493770290110545,0.1491838050009184,-0.0193338873514828
filebc494d5a79.146,628815.0,3411615.0,76.34689452,30.83069508,287.268,8.578,0.077,29.0164,32.032,0.3,0.375,175.616,14.0652174,225.98031616210935,1.0,102.2362289428711,3.0,1.0,1.0,0.1767467476188079,0.1304081826473664,0.1113559847694609,0.1717783070753905
filebc494d5a79.147,636295.0,3409325.0,76.42478078,30.80920105,275.604,8.407,0.112,38.4636,10.08,0.525,0.75,263.424,14.0652174,227.7938690185547,2.0,320.3868408203125,2.0,1.0,1.0,0.5257859670291786,-0.187989875906908,0.3094427872054864,-0.1112320863455109
filebc494d5a79.148,629975.0,3404365.0,76.35810069,30.76516645,278.771,8.448,0.1,59.3824,21.952,0.75,1.25,301.056,18.026087,224.0482635498047,1.0,155.09246826171875,3.0,1.0,1.0,0.458057394757723,-0.21751152874343,0.2887291290546906,-0.1181309658351407
filebc494d5a79.149,633805.0,3410015.0,76.39884799,30.81570892,313.306,8.522,0.121,27.6668,30.464,0.375,1.25,125.44,15.0163043,225.7440490722656,3.0,200.247802734375,2.0,1.0,1.0,0.4235238037572793,-0.0717794903885101,0.2451329652954856,-0.0160983095913411
filebc494d5a79.150,634485.0,3407145.0,76.40557826,30.78974237,188.91,8.657,0.065,47.236,33.824,0.525,0.5,175.616,7.83478261,225.47259521484372,5.0,351.3485107421875,3.0,1.0,1.0,0.4903546972433176,-0.2017059848349842,0.2878013151662527,-0.1116844918306498
filebc494d5a79.151,629175.0,3411985.0,76.35070455,30.83399365,246.942,8.618,0.082,32.3904,18.368,0.075,0.75,150.528,14.1478261,225.2305603027344,3.0,116.73528289794922,2.0,1.0,1.0,0.6539394714485206,-0.3141233738744906,0.430794681661815,-0.2354270934668363
filebc494d5a79.152,632795.0,3399785.0,76.3869673,30.72353875,142.995,8.312,0.109,50.61,19.936,0.3375,0.25,188.16,14.0652174,221.7326812744141,1.0,129.86402893066406,2.0,1.0,1.0,0.4693151268501677,-0.1470894501500704,0.2835900948049681,-0.0608113789097519
filebc494d5a79.153,622665.0,3410555.0,76.2824767,30.82178519,258.604,8.429,0.08,100.5452,18.592,0.495,0.75,200.704,11.9565217,224.0904541015625,1.0,165.9108428955078,2.0,1.0,1.0,0.5008981568332284,-0.1768147232899594,0.3154551226724673,-0.0955300881240043
filebc494d5a79.154,626995.0,3411565.0,76.32786266,30.83044048,264.13,8.315,0.147,150.4804,160.384,0.6,2.5,313.6,18.4826087,224.33331298828125,1.0,112.08238220214844,2.0,1.0,1.0,0.5252180530867836,-0.1432632246001814,0.2720309090313094,-0.0973339029784979
filebc494d5a79.155,628075.0,3400225.0,76.33773597,30.72802539,226.854,8.049,0.122,4.0488,63.392,0.435,0.25,125.44,18.0152174,220.7182464599609,3.0,67.07149505615234,1.0,1.0,1.0,0.3756371955621203,-0.091796848446003,0.2043151232891825,-0.0236755103694717
filebc494d5a79.156,627455.0,3410835.0,76.33258037,30.82380575,244.122,8.709,0.072,105.9436,6.0032,0.2625,0.375,225.792,11.15,225.3269805908203,2.0,210.14686584472656,3.0,1.0,1.0,0.3189937766600005,-0.0271113993905943,0.1695079266268587,0.028055555394825
filebc494d5a79.157,626075.0,3400865.0,76.31692929,30.73401257,212.173,8.382,0.091,39.1384,9.632,0.3,1.0,125.44,6.6826087,221.43426513671875,2.0,273.37225341796875,2.0,1.0,1.0,0.7473560425089769,-0.3397905144097703,0.4540694844746554,-0.2971820499435457
filebc494d5a79.158,630235.0,3407245.0,76.36118258,30.7911184,223.3,8.596,0.07,70.1792,19.488,0.4125,0.5,87.808,4.20652174,223.19781494140625,1.0,213.65740966796875,1.0,2.0,1.0,0.4609122934280502,-0.0607784252322475,0.2726364214340409,0.0012587023525616
filebc494d5a79.159,624805.0,3408045.0,76.30453977,30.79891875,203.4,8.267,0.112,21.5936,44.128,0.45,0.5,225.792,12.0456522,222.7484588623047,1.0,275.05328369140625,1.0,1.0,1.0,0.4611821449471274,-0.0904314190973704,0.2424823100610786,-0.0552733784981517
filebc494d5a79.160,630805.0,3411785.0,76.36771881,30.83201065,197.55,8.732,0.055,51.9596,25.984,0.48,0.5,188.16,14.0652174,225.51788330078125,2.0,210.81976318359372,3.0,1.0,1.0,0.4709897466999659,-0.1911561231571696,0.291686228159053,-0.0962314677776555
filebc494d5a79.161,628055.0,3399175.0,76.33739634,30.71855535,292.4,8.431,0.12,41.1628,15.904,0.3375,0.375,188.16,14.0652174,220.27720642089844,2.0,101.98211669921876,2.0,1.0,1.0,0.2871795017524506,0.0122970862036209,0.1655172494475032,0.0678793824162658
filebc494d5a79.162,630345.0,3402405.0,76.36171697,30.74744474,295.1,8.554,0.087,51.9596,14.784,0.45,0.5,137.984,14.0652174,221.6263732910156,2.0,235.22238159179688,3.0,1.0,1.0,0.5715026925674255,-0.1833333307463262,0.3141037890472169,-0.1331484072760152
filebc494d5a79.163,630085.0,3403715.0,76.35916739,30.75929075,239.05,8.525,0.092,45.2116,17.248,0.36,0.5,225.792,9.11304348,222.88119506835935,1.0,254.41488647460935,2.0,1.0,1.0,0.5449284308528022,-0.2179132957464118,0.3239768265085307,-0.1464247092198779
filebc494d5a79.164,624045.0,3401075.0,76.29575468,30.73612046,265.15,8.37,0.104,53.984,18.368,0.5475,0.375,200.704,14.0652174,221.46115112304688,1.0,147.29640197753906,3.0,1.0,1.0,0.3319831330424459,-0.0230749328279069,0.1852747314689112,0.0397105365524676
filebc494d5a79.165,628105.0,3406775.0,76.33886679,30.78711032,261.85,8.389,0.103,40.488,12.992,0.375,0.25,225.792,13.7347826,224.75848388671875,2.0,251.67742919921875,2.0,1.0,1.0,0.4632308577623338,-0.1041619278015199,0.2771699934506011,-0.0513309471375165
filebc494d5a79.166,630625.0,3401385.0,76.36451172,30.73821257,219.2,8.249,0.121,29.6912,30.912,0.9,0.25,225.792,15.8543478,220.52520751953125,2.0,323.3962097167969,2.0,1.0,1.0,0.6193199738682776,-0.2516271691639242,0.3588437331654326,-0.1848295730613324
filebc494d5a79.167,629825.0,3406145.0,76.35675904,30.78124023,159.25,8.759,0.061,21.5936,16.8,0.45,0.5,263.424,21.4782609,223.7650146484375,3.0,272.9638671875,2.0,2.0,1.0,0.3361972285899128,-0.0202510016951027,0.1758499351541328,0.0317727334969083
filebc494d5a79.168,623235.0,3407725.0,76.28809417,30.79619607,290.95,8.388,0.112,47.9108,34.944,0.45,2.0,263.424,19.0847826,222.05897521972656,1.0,14.35089874267578,2.0,1.0,1.0,0.4899653697525966,-0.1699497198658575,0.2692015037103655,-0.1012105411802195
filebc494d5a79.169,632215.0,3407885.0,76.38195458,30.79667285,293.2,8.301,0.152,43.862,50.624,0.6075,0.625,213.248,14.0652174,225.458984375,1.0,9.868797302246094,2.0,1.0,1.0,0.7179564733393432,-0.3247086293318135,0.4288035686810129,-0.2701286377690109
filebc494d5a79.170,635585.0,3404115.0,76.41667139,30.7622843,268.4,8.658,0.061,116.7404,13.888,0.3975,1.5,263.424,14.0652174,225.75076293945312,3.0,242.7586669921875,3.0,1.0,1.0,0.4187749569024593,-0.1070129779049068,0.235757117775862,-0.038218907068674
filebc494d5a79.171,629155.0,3399795.0,76.34895986,30.72402958,248.9,8.068,0.088,55.3336,41.44,0.6,0.5,263.424,17.5543478,221.9051818847656,1.0,319.4140014648437,2.0,1.0,1.0,0.3939205168126791,-0.0986607703059759,0.2309168573217955,-0.0267926827947885
filebc494d5a79.172,631925.0,3402675.0,76.37825395,30.74970613,347.6,7.892,0.129,68.8296,67.648,0.6,0.125,275.968,21.4543478,223.9912109375,3.0,239.0602569580078,2.0,1.0,1.0,0.6935201555870834,-0.3108901965579598,0.4229765155906426,-0.2467389354722034
filebc494d5a79.173,627215.0,3415255.0,76.33062188,30.86370436,273.15,7.876,0.088,68.1548,46.144,0.6375,0.25,288.512,20.6673913,223.9224090576172,1.0,32.685970306396484,3.0,1.0,1.0,0.3360655985358549,0.0254876906702742,0.1596747885732325,0.0368449120319493
filebc494d5a79.174,628175.0,3404085.0,76.33926198,30.7628361,286.55,7.8,0.047,46.5612,10.08,0.3375,0.25,62.72,10.673913,223.01524353027344,1.0,223.9168243408203,2.0,2.0,1.0,0.4835384930642515,-0.1701478776654522,0.2983044731161722,-0.0801645079203869
filebc494d5a79.175,630935.0,3400695.0,76.36766129,30.73195399,254.2,7.465,0.088,62.0816,35.168,0.525,0.5,250.88,14.0652174,221.61167907714844,2.0,159.41250610351562,2.0,1.0,1.0,0.6256394862211399,-0.2441271082079967,0.3746846086101364,-0.1773152648595389
filebc494d5a79.176,624675.0,3406915.0,76.30304371,30.78873849,232.05,8.198,0.111,45.8864,24.192,0.45,0.5,288.512,14.0652174,222.55393981933597,2.0,82.87480163574219,2.0,1.0,1.0,0.4111534543685757,-0.0984092920249098,0.225751243962132,-0.0259727798647604
filebc494d5a79.177,628385.0,3412715.0,76.3425376,30.84066481,178.8,7.734,0.102,75.5776,13.216,0.705,0.5,288.512,19.9043478,232.3859405517578,7.0,141.49917602539062,3.0,1.0,1.0,0.3921852599363656,-0.0586940657557,0.2255687911198524,0.0095874665520115
filebc494d5a79.178,627725.0,3402555.0,76.33437076,30.74908226,318.2,8.421,0.104,38.4636,25.088,0.39,0.125,225.792,24.7978261,222.31231689453125,1.0,318.232666015625,2.0,1.0,1.0,0.546642343045689,-0.19652091866954,0.3254733992033189,-0.122587552525777
filebc494d5a79.179,629625.0,3407475.0,76.35483763,30.79326,183.25,8.456,0.072,92.4476,47.712,0.285,0.5,225.792,17.8565217,224.1200714111328,2.0,275.3924865722656,2.0,2.0,1.0,0.7520128914636605,-0.3601416999649165,0.4816640069790576,-0.3094806154067418
filebc494d5a79.180,629775.0,3406955.0,76.35633919,30.7885527,262.7,8.817,0.048,23.618,17.248,0.225,0.125,225.792,17.4,222.9246063232422,1.0,239.8549652099609,1.0,2.0,1.0,0.4776470680161392,-0.1359173050999321,0.2672727278842312,-0.0853408022239934
filebc494d5a79.181,632575.0,3409605.0,76.38593918,30.81214854,179.15,7.772,0.094,46.5612,99.008,0.525,0.5,275.968,14.0652174,225.73377990722656,3.0,165.0513916015625,3.0,1.0,1.0,0.3750969688159385,-0.0266434744242695,0.1914093389695038,0.0122149931131426
filebc494d5a79.182,632025.0,3400885.0,76.37906835,30.73354751,296.8,8.232,0.12,43.1872,70.336,0.195,0.125,200.704,15.6826087,223.8416748046875,3.0,224.42633056640625,3.0,1.0,1.0,0.3995699044092088,0.0103406265938419,0.190238910370125,0.0393215049283634
filebc494d5a79.183,637095.0,3407015.0,76.43283231,30.78827109,311.15,8.24,0.098,19.5692,40.096,0.3,0.5,263.424,14.0652174,228.9135284423828,2.0,19.532470703125,2.0,1.0,1.0,0.376432341336143,-0.0799785256904264,0.2083359505415721,-0.0040777604072989
filebc494d5a79.184,629205.0,3409755.0,76.35073651,30.81387365,346.65,8.403,0.105,64.106,39.2,0.435,0.5,137.984,14.0652174,225.68734741210935,5.0,90.9370346069336,3.0,1.0,1.0,0.6826774076628704,-0.3234218878054021,0.4016652401027963,-0.2592592619488054
filebc494d5a79.185,629965.0,3413805.0,76.35919458,30.85032529,182.05,8.333,0.09,28.3416,20.832,0.3825,0.5,188.16,14.0652174,226.9721527099609,2.0,255.23480224609372,2.0,1.0,1.0,0.6978249697595086,-0.3137647942387353,0.4561611527263696,-0.2482606337322104
filebc494d5a79.186,628235.0,3400915.0,76.33949287,30.73423274,331.2,8.427,0.11,80.976,46.816,0.75,0.5,301.056,32.701087,220.70391845703125,1.0,104.305908203125,2.0,1.0,1.0,0.5079986835604873,-0.1491478886209477,0.2894704140613736,-0.0910432489671863
filebc494d5a79.190,625585.0,3403455.0,76.33944046,30.82093809,299.15,8.148,0.116,23.618,12.544,0.45,0.125,213.248,21.6217391,221.20187377929688,1.0,178.6092529296875,2.0,1.0,1.0,0.5743764410098837,-0.1222818865884022,0.3083220847012606,-0.0801872460993327
filebc494d5a79.191,626125.0,3408365.0,76.28887386,30.72139208,240.2,7.809,0.074,43.862,13.664,0.1425,0.25,175.616,14.6108696,224.0414123535156,1.0,134.7449188232422,3.0,1.0,1.0,0.4664970495796315,-0.0983008085577768,0.2242457312441532,-0.0442085884796504
filebc494d5a79.192,631295.0,3401465.0,76.32670266,30.78407756,245.95,8.427,0.068,23.618,11.2,0.3375,0.5,213.248,20.35,221.8742828369141,1.0,296.4202880859375,2.0,1.0,1.0,0.3603468499313185,-0.0792433072416805,0.2026317498035705,-0.0049769741350311
filebc494d5a79.193,628115.0,3410525.0,76.33716029,30.72415168,258.5,8.42,0.072,15.5204,135.744,0.06,0.5,137.984,14.0652174,225.9333648681641,4.0,46.17432022094727,2.0,1.0,1.0,0.3044733182807597,-0.0447847701436702,0.1628924440156025,0.0172983366408649
filebc494d5a79.194,623405.0,3399435.0,76.30628929,30.73502236,302.65,8.197,0.143,58.7076,19.04,0.4125,0.5,401.408,7.14130435,219.797607421875,2.0,327.30517578125,1.0,1.0,1.0,0.6134807878696701,-0.2129849639260347,0.397249379951724,-0.1446303798786443
filebc494d5a79.195,626945.0,3406425.0,76.40302532,30.80104779,302.2,8.267,0.136,26.992,20.608,0.435,0.5,301.056,14.0652174,223.1243438720703,1.0,125.53582000732422,2.0,1.0,1.0,0.3164322054520237,-0.0499321722516167,0.1864411864947145,0.0179620777331564
filebc494d5a79.196,628025.0,3399795.0,76.33434276,30.86050827,286.4,8.579,0.119,34.4148,11.648,0.375,1.25,188.16,14.0652174,220.8634033203125,2.0,230.18893432617188,3.0,1.0,1.0,0.5071737082661114,-0.2350188478172528,0.3179172310802744,-0.1395681122362323
filebc494d5a79.197,625055.0,3400965.0,76.28515967,30.80344313,213.5,8.506,0.084,217.9604,207.424,0.4875,1.575,288.512,15.0815217,220.1762237548828,2.0,249.8526611328125,3.0,1.0,1.0,0.2020312060687343,0.2101060804229365,0.1077091734406406,0.2262195697399998
filebc494d5a79.198,634225.0,3408395.0,76.43111005,30.77782439,168.1,8.552,0.069,39.8132,8.96,0.3375,0.375,225.792,6.52826087,226.08880615234372,1.0,19.575225830078125,2.0,1.0,1.0,0.438224579162495,-0.1423309454232127,0.2474747441899941,-0.0693831428425528
filebc494d5a79.199,627575.0,3414905.0,76.33954459,30.84349271,266.35,8.669,0.07,36.4392,18.368,0.3,0.5,225.792,13.7391304,224.9401092529297,1.0,120.60166931152344,3.0,1.0,1.0,0.6621253152838283,-0.2957640594406465,0.3815813537552379,-0.2327355324345343
filebc494d5a79.200,622945.0,3408525.0,76.3739729,30.74984177,219.2,8.637,0.098,85.6996,7.84,0.6375,0.125,225.792,18.6282609,222.0990753173828,2.0,131.912841796875,2.0,2.0,1.0,0.6586146206537764,-0.2971350024671833,0.3800073897875249,-0.2367825202707393
filebc494d5a79.201,636945.0,3405855.0,76.33952242,30.80424597,171.95,8.508,0.084,55.3336,12.992,0.3075,1.45,250.88,14.0652174,227.5665283203125,2.0,327.41168212890625,2.0,1.0,1.0,0.4851913573165334,-0.1314488700144622,0.2732042516130972,-0.0631122998602145
filebc494d5a79.202,628095.0,3413025.0,76.28596931,30.80145017,295.7,8.667,0.083,19.5692,23.968,0.375,0.375,213.248,14.0652174,225.12057495117188,3.0,278.9915771484375,3.0,1.0,1.0,0.5532726887723296,-0.2637612267126878,0.3363268841839738,-0.1781922257502914
filebc494d5a79.203,631515.0,3402685.0,76.35146666,30.83615104,223.25,8.607,0.089,45.2116,14.112,0.4125,0.25,275.968,14.0652174,224.000732421875,1.0,115.45272827148438,2.0,1.0,1.0,0.5185185239548351,-0.1547565645810978,0.2618731767859399,-0.0902340348276925
filebc494d5a79.204,628145.0,3408675.0,76.37990644,30.77034964,231.5495,8.427,0.099,55.3336,19.712,0.4125,0.375,225.792,14.0652174,224.7268829345703,1.0,239.622802734375,2.0,1.0,1.0,0.4603230412768453,-0.1416414895123925,0.250573394713156,-0.0788070270910206
filebc494d5a79.205,623025.0,3408305.0,76.40613925,30.84260627,231.5495,8.427,0.099,55.3336,19.712,0.4125,0.375,225.792,14.0652174,221.1335906982422,2.0,172.47189331054688,1.0,2.0,1.0,0.604178125160255,-0.2409100538260498,0.3816855721773408,-0.1725846385979806
filebc494d5a79.206,629245.0,3412225.0,76.31754465,30.75620151,194.663,8.301,0.136,209.188,15.008,0.525,0.625,288.512,14.0652174,225.8116149902344,1.0,268.0251770019531,2.0,1.0,1.0,0.289268812254882,0.1124421660025085,0.1717418905353561,0.1426643484202741
filebc494d5a79.207,632055.0,3404965.0,76.29977924,30.73247122,231.4,8.238,0.123,99.8704,87.136,0.6225,0.25,225.792,10.9282609,223.53814697265625,1.0,147.04441833496094,2.0,1.0,1.0,0.5585794796566877,-0.1725343135978212,0.315050535494792,-0.1167744245969256
filebc494d5a79.187,634465.0,3413005.0,76.3121288,30.75742933,161.879,8.49,0.098,78.2768,26.88,0.285,0.5,188.16,9.42173913,228.4640655517578,4.0,31.83025360107422,3.0,1.0,1.0,0.7458130837344612,-0.3262877211437168,0.4759250869214416,-0.2794268284423
filebc494d5a79.188,626105.0,3403325.0,76.31837357,30.80166592,198.649,8.34,0.176,49.2604,57.344,0.66,0.75,313.6,14.0652174,222.4593048095703,1.0,61.08072280883789,2.0,1.0,1.0,0.1793222599610189,0.1296887897164498,0.1202587473012552,0.1845991045489269
filebc494d5a79.189,624435.0,3400675.0,76.37151909,30.73886048,181.078,8.058,0.12,90.4232,69.44,0.375,0.5,225.792,13.6934783,221.6796417236328,2.0,37.40753555297852,2.0,1.0,1.0,0.471303273341887,-0.1087662439763818,0.278471421204906,-0.0532050740008135
