sample_id,latitude,longitude,easting_utm,northing_utm,degradation_risk,crop_failure_risk,salinity_risk,overall_risk,degradation_cat,crop_failure_cat,salinity_cat
id,30.78880211,76.34673631,628845.0,3407015.0,44.6,30.9,17.8,33.76,LOW,LOW,LOW
filebc494d5a79.1,30.75083684,76.30378663,624795.0,3402715.0,34.4,23.9,17.9,26.9,LOW,LOW,LOW
filebc494d5a79.2,30.86052871,76.36697308,630695.0,3414945.0,31.9,26.1,14.9,26.180000000000003,LOW,LOW,LOW
filebc494d5a79.3,30.77359641,76.354353,629605.0,3405295.0,44.7,36.6,19.6,36.440000000000005,LOW,LOW,LOW
filebc494d5a79.4,30.73686448,76.34673631,628925.0,3401215.0,29.3,19.0,20.1,23.34,LOW,LOW,LOW
filebc494d5a79.5,30.78835403,76.42530929,636375.0,3407015.0,36.4,31.8,13.8,30.040000000000003,LOW,LOW,LOW
filebc494d5a79.6,30.83103944,76.33978981,628135.0,3411645.0,48.8,37.3,12.8,37.0,MODERATE,LOW,LOW
filebc494d5a79.7,30.80703252,76.30517202,624855.0,3408945.0,30.1,25.7,7.9,23.9,LOW,LOW,LOW
filebc494d5a79.8,30.76038993,76.41664364,635585.0,3403905.0,31.9,25.7,17.0,26.439999999999998,LOW,LOW,LOW
filebc494d5a79.9,30.80790536,76.31699539,625985.0,3409055.0,49.9,32.7,18.2,36.68000000000001,MODERATE,LOW,LOW
filebc494d5a79.10,30.72303063,76.37536785,631685.0,3399715.0,59.5,39.7,20.3,43.74000000000001,MODERATE,LOW,LOW
filebc494d5a79.11,30.80631827,76.3995481,633885.0,3408975.0,37.6,32.6,18.8,31.840000000000003,LOW,LOW,LOW
filebc494d5a79.12,30.79489107,76.33677986,627895.0,3407635.0,38.8,18.3,16.5,26.14,LOW,LOW,LOW
filebc494d5a79.13,30.83561789,76.36787452,630815.0,3412185.0,45.8,36.3,14.3,35.7,MODERATE,LOW,LOW
filebc494d5a79.14,30.77485661,76.38874792,632895.0,3405475.0,39.9,29.9,10.4,30.0,LOW,LOW,LOW
filebc494d5a79.15,30.78460251,76.38857446,632865.0,3406555.0,45.2,34.3,8.2,33.44,MODERATE,LOW,LOW
filebc494d5a79.16,30.7351024,76.32509108,626855.0,3400995.0,26.0,23.5,11.2,22.04,LOW,LOW,LOW
filebc494d5a79.17,30.86309845,76.33688871,627815.0,3415195.0,22.5,16.9,20.3,19.82,LOW,LOW,LOW
filebc494d5a79.18,30.76038623,76.39198776,633225.0,3403875.0,27.0,25.3,14.1,23.740000000000002,LOW,LOW,LOW
filebc494d5a79.19,30.78125961,76.32875393,627145.0,3406115.0,39.3,29.2,16.5,30.7,LOW,LOW,LOW
filebc494d5a79.20,30.7851634,76.30863864,625215.0,3406525.0,37.5,29.4,15.2,29.799999999999997,LOW,LOW,LOW
filebc494d5a79.21,30.78196596,76.26721352,621255.0,3406125.0,52.5,40.0,16.1,40.22,MODERATE,LOW,LOW
filebc494d5a79.22,30.85764725,76.32300841,626495.0,3414575.0,36.4,32.8,18.8,31.44,LOW,LOW,LOW
filebc494d5a79.23,30.84161577,76.3637771,630415.0,3412845.0,48.9,30.5,18.2,35.400000000000006,MODERATE,LOW,LOW
filebc494d5a79.24,30.86152545,76.35799298,629835.0,3415045.0,36.5,36.7,5.2,30.32,LOW,LOW,LOW
filebc494d5a79.25,30.72915588,76.32427862,626785.0,3400335.0,47.0,26.3,32.4,35.8,MODERATE,LOW,LOW
filebc494d5a79.26,30.80057932,76.30090402,624455.0,3408225.0,39.8,43.5,14.3,36.18,LOW,LOW,LOW
filebc494d5a79.27,30.71836689,76.34689685,628965.0,3399165.0,59.7,34.3,25.6,42.72,MODERATE,LOW,LOW
filebc494d5a79.28,30.81260892,76.33347109,627555.0,3409595.0,64.3,45.3,18.8,47.6,MODERATE,MODERATE,LOW
filebc494d5a79.29,30.78760229,76.39488778,633465.0,3406895.0,30.3,23.9,16.5,24.98,LOW,LOW,LOW
filebc494d5a79.30,30.83375502,76.29455518,623805.0,3411895.0,63.0,43.0,18.0,46.00000000000001,MODERATE,LOW,LOW
filebc494d5a79.31,30.78880211,76.40075737,634025.0,3407035.0,48.2,27.4,23.2,34.88,MODERATE,LOW,LOW
filebc494d5a79.32,30.79099305,76.39838547,633795.0,3407275.0,47.8,32.7,19.9,36.18,MODERATE,LOW,LOW
filebc494d5a79.33,30.78263703,76.34392527,628595.0,3406285.0,50.7,33.5,17.3,37.14,MODERATE,LOW,LOW
filebc494d5a79.34,30.80085358,76.33602623,627815.0,3408295.0,46.9,33.2,19.7,35.980000000000004,MODERATE,LOW,LOW
filebc494d5a79.35,30.74237002,76.32905543,627225.0,3401805.0,44.5,35.4,15.3,35.02,LOW,LOW,LOW
filebc494d5a79.36,30.75916576,76.31883872,626225.0,3403655.0,46.4,31.8,15.6,34.4,MODERATE,LOW,LOW
filebc494d5a79.37,30.79206401,76.42431895,636275.0,3407425.0,50.1,33.5,17.8,37.00000000000001,MODERATE,LOW,LOW
filebc494d5a79.38,30.75225992,76.3841404,632485.0,3402965.0,38.1,29.8,16.4,30.440000000000005,LOW,LOW,LOW
filebc494d5a79.39,30.76313554,76.39641537,633645.0,3404185.0,25.9,20.5,15.3,21.620000000000005,LOW,LOW,LOW
filebc494d5a79.40,30.82742977,76.29551578,623905.0,3411195.0,40.4,33.5,16.6,32.88,LOW,LOW,LOW
filebc494d5a79.41,30.79986312,76.37039883,631105.0,3408225.0,44.3,33.6,17.4,34.64,LOW,LOW,LOW
filebc494d5a79.42,30.78985861,76.40317632,634255.0,3407155.0,27.0,19.5,23.0,23.200000000000003,LOW,LOW,LOW
filebc494d5a79.43,30.78120237,76.42750271,636595.0,3406225.0,27.1,40.6,5.5,28.180000000000007,LOW,LOW,LOW
filebc494d5a79.44,30.82091152,76.29772818,624125.0,3410475.0,52.3,44.9,13.4,41.56,MODERATE,LOW,LOW
filebc494d5a79.45,30.7995872,76.38784922,632775.0,3408215.0,66.7,41.0,24.4,47.96000000000001,MODERATE,LOW,LOW
filebc494d5a79.46,30.85635477,76.30814035,625075.0,3414415.0,66.4,41.7,18.8,47.00000000000001,MODERATE,LOW,LOW
filebc494d5a79.47,30.7926002,76.34019699,628225.0,3407385.0,49.2,43.1,20.3,40.980000000000004,MODERATE,LOW,LOW
filebc494d5a79.48,30.7528368,76.38080574,632165.0,3403025.0,42.5,35.0,19.7,34.94,LOW,LOW,LOW
filebc494d5a79.49,30.81575509,76.42769992,636565.0,3410055.0,46.6,30.9,18.3,34.66,MODERATE,LOW,LOW
filebc494d5a79.50,30.8698762,76.32704636,626865.0,3415935.0,57.6,42.9,18.2,43.84,MODERATE,LOW,LOW
filebc494d5a79.51,30.78276615,76.35751196,629895.0,3406315.0,46.0,23.9,21.9,32.34,MODERATE,LOW,LOW
filebc494d5a79.52,30.80150345,76.36885432,630955.0,3408405.0,29.5,24.7,17.5,25.18,LOW,LOW,LOW
filebc494d5a79.53,30.72179428,76.3295041,627295.0,3399525.0,51.9,30.9,20.2,37.160000000000004,MODERATE,LOW,LOW
filebc494d5a79.54,30.78654818,76.30552227,624915.0,3406675.0,43.8,32.7,18.3,34.260000000000005,LOW,LOW,LOW
filebc494d5a79.55,30.77202236,76.32329807,626635.0,3405085.0,31.9,25.7,20.6,27.16,LOW,LOW,LOW
filebc494d5a79.56,30.78623625,76.33613759,627845.0,3406675.0,48.6,32.3,20.4,36.44,MODERATE,LOW,LOW
filebc494d5a79.57,30.83953841,76.37253079,631255.0,3412625.0,50.4,30.9,20.4,36.599999999999994,MODERATE,LOW,LOW
filebc494d5a79.58,30.77779785,76.37520607,631595.0,3405785.0,40.6,21.2,31.5,31.020000000000003,LOW,LOW,LOW
filebc494d5a79.59,30.81698842,76.35485701,629595.0,3410105.0,49.0,38.0,22.8,39.36000000000001,MODERATE,LOW,LOW
filebc494d5a79.60,30.80414538,76.40024825,633955.0,3408735.0,54.1,39.3,20.2,41.4,MODERATE,LOW,LOW
filebc494d5a79.61,30.77569473,76.36075637,630215.0,3405535.0,50.8,33.2,18.1,37.22,MODERATE,LOW,LOW
filebc494d5a79.62,30.78339895,76.33129135,627385.0,3406355.0,43.0,35.9,18.4,35.239999999999995,LOW,LOW,LOW
filebc494d5a79.63,30.73205796,76.34040279,628325.0,3400675.0,42.4,32.4,21.0,34.120000000000005,LOW,LOW,LOW
filebc494d5a79.64,30.7763543,76.39211316,633215.0,3405645.0,27.6,26.7,20.1,25.74,LOW,LOW,LOW
filebc494d5a79.65,30.72371971,76.32650188,627005.0,3399735.0,39.0,26.3,20.5,30.220000000000006,LOW,LOW,LOW
filebc494d5a79.66,30.83404417,76.31066064,625345.0,3411945.0,45.0,29.5,19.1,33.620000000000005,MODERATE,LOW,LOW
filebc494d5a79.67,30.72689788,76.29772008,624245.0,3400055.0,47.2,36.7,21.3,37.82,MODERATE,LOW,LOW
filebc494d5a79.68,30.79181482,76.36359609,630465.0,3407325.0,49.6,39.9,19.5,39.7,MODERATE,LOW,LOW
filebc494d5a79.69,30.76568859,76.31621115,625965.0,3404375.0,54.8,34.1,19.5,39.46,MODERATE,LOW,LOW
filebc494d5a79.70,30.87298295,76.32321906,626495.0,3416275.0,36.0,22.2,18.7,27.020000000000003,LOW,LOW,LOW
filebc494d5a79.71,30.77490395,76.42594685,636455.0,3405525.0,53.0,31.8,19.1,37.74,MODERATE,LOW,LOW
filebc494d5a79.72,30.78194804,76.3494541,629125.0,3406215.0,64.1,40.4,22.0,46.199999999999996,MODERATE,LOW,LOW
filebc494d5a79.73,30.79199887,76.39714593,633675.0,3407385.0,68.1,38.1,22.7,47.02,MODERATE,LOW,LOW
filebc494d5a79.74,30.81829555,76.31556909,625835.0,3410205.0,38.5,31.9,16.4,31.44,LOW,LOW,LOW
filebc494d5a79.75,30.78462451,76.31730501,626045.0,3406475.0,48.9,32.7,14.6,35.56,MODERATE,LOW,LOW
filebc494d5a79.76,30.8080294,76.34009754,628195.0,3409095.0,48.0,33.5,16.8,35.96,MODERATE,LOW,LOW
filebc494d5a79.77,30.78913769,76.29019471,623445.0,3406945.0,50.9,33.2,17.8,37.2,MODERATE,LOW,LOW
filebc494d5a79.78,30.76212735,76.33799844,628055.0,3404005.0,34.4,20.5,18.6,25.68,LOW,LOW,LOW
filebc494d5a79.79,30.76109216,76.33338718,627615.0,3403885.0,49.1,32.8,17.7,36.3,MODERATE,LOW,LOW
filebc494d5a79.80,30.8569038,76.36849034,630845.0,3414545.0,52.4,29.7,19.3,36.7,MODERATE,LOW,LOW
filebc494d5a79.81,30.74462786,76.31999854,626355.0,3402045.0,44.2,26.5,15.4,31.360000000000007,LOW,LOW,LOW
filebc494d5a79.82,30.8683507,76.31740282,625945.0,3415755.0,52.4,29.9,23.8,37.68,MODERATE,LOW,LOW
filebc494d5a79.83,30.82766585,76.40278503,634165.0,3411345.0,47.3,33.9,19.0,36.279999999999994,MODERATE,LOW,LOW
filebc494d5a79.84,30.77170688,76.32768224,627055.0,3405055.0,47.9,35.8,19.6,37.400000000000006,MODERATE,LOW,LOW
filebc494d5a79.85,30.75951885,76.38873661,632915.0,3403775.0,43.9,31.8,18.7,34.02,LOW,LOW,LOW
filebc494d5a79.86,30.76149942,76.31113925,625485.0,3403905.0,39.5,30.4,19.2,31.8,LOW,LOW,LOW
filebc494d5a79.87,30.79660938,76.32760636,627015.0,3407815.0,44.6,34.1,17.5,34.980000000000004,LOW,LOW,LOW
filebc494d5a79.88,30.79947275,76.28521135,622955.0,3408085.0,28.6,26.6,15.0,25.080000000000002,LOW,LOW,LOW
filebc494d5a79.89,30.75464468,76.346148,628845.0,3403185.0,54.5,37.1,20.6,40.76,MODERATE,LOW,LOW
filebc494d5a79.90,30.81099051,76.33292608,627505.0,3409415.0,46.1,32.1,18.4,34.96,MODERATE,LOW,LOW
filebc494d5a79.91,30.86507899,76.3285491,627015.0,3415405.0,51.5,29.5,25.4,37.480000000000004,MODERATE,LOW,LOW
filebc494d5a79.92,30.83647033,76.31163464,625435.0,3412215.0,41.9,21.2,20.5,29.340000000000003,LOW,LOW,LOW
filebc494d5a79.93,30.85741504,76.31924032,626135.0,3414545.0,53.1,36.2,21.2,39.96000000000001,MODERATE,LOW,LOW
filebc494d5a79.94,30.78246111,76.41968401,635845.0,3406355.0,56.3,35.4,18.7,40.42,MODERATE,LOW,LOW
filebc494d5a79.95,30.82624332,76.30585003,624895.0,3411075.0,49.6,33.2,25.8,38.28,MODERATE,LOW,LOW
filebc494d5a79.96,30.83569087,76.33494026,627665.0,3412155.0,31.8,25.2,17.6,26.32,LOW,LOW,LOW
filebc494d5a79.97,30.77229639,76.38348679,632395.0,3405185.0,44.0,28.3,23.0,33.52,LOW,LOW,LOW
filebc494d5a79.98,30.77323456,76.34577984,628785.0,3405245.0,40.4,28.3,19.2,31.32,LOW,LOW,LOW
filebc494d5a79.99,30.84124992,76.38970331,632895.0,3412835.0,31.0,17.8,27.2,24.960000000000004,LOW,LOW,LOW
filebc494d5a79.100,30.78210588,76.41090104,635005.0,3406305.0,46.3,18.6,26.3,31.220000000000002,MODERATE,LOW,LOW
filebc494d5a79.101,30.79862773,76.35919808,630035.0,3408075.0,33.9,26.5,20.1,28.180000000000003,LOW,LOW,LOW
filebc494d5a79.102,30.798526,76.35167149,629315.0,3408055.0,43.9,29.2,20.4,33.32,LOW,LOW,LOW
filebc494d5a79.103,30.80974601,76.3912356,633085.0,3409345.0,50.1,31.8,17.4,36.24,MODERATE,LOW,LOW
filebc494d5a79.104,30.7356167,76.34525668,628785.0,3401075.0,37.7,21.3,25.7,28.740000000000002,LOW,LOW,LOW
filebc494d5a79.105,30.82196806,76.40406121,634295.0,3410715.0,66.0,34.0,27.6,45.52,MODERATE,LOW,LOW
filebc494d5a79.106,30.75494915,76.3164829,626005.0,3403185.0,51.6,37.4,34.5,42.5,MODERATE,LOW,LOW
filebc494d5a79.107,30.77127554,76.36058968,630205.0,3405045.0,46.5,27.3,25.6,34.64,MODERATE,LOW,LOW
filebc494d5a79.108,30.74493974,76.3248079,626815.0,3402085.0,57.6,37.5,22.3,42.50000000000001,MODERATE,LOW,LOW
filebc494d5a79.109,30.76527521,76.43186461,637035.0,3404465.0,46.3,27.1,18.9,33.14,MODERATE,LOW,LOW
filebc494d5a79.110,30.76610187,76.3890401,632935.0,3404505.0,47.2,23.8,18.2,32.040000000000006,MODERATE,LOW,LOW
filebc494d5a79.111,30.79669555,76.4215654,636005.0,3407935.0,42.1,29.4,18.4,32.28,LOW,LOW,LOW
filebc494d5a79.112,30.75465826,76.3621319,630375.0,3403205.0,26.3,23.1,16.9,23.14,LOW,LOW,LOW
filebc494d5a79.113,30.79686799,76.28402702,622845.0,3407795.0,34.4,28.0,20.1,28.98,LOW,LOW,LOW
filebc494d5a79.114,30.82886001,76.39245213,633175.0,3411465.0,36.1,27.1,20.2,29.32,LOW,LOW,LOW
filebc494d5a79.115,30.81995768,76.35563047,629665.0,3410435.0,55.5,33.7,17.7,39.220000000000006,MODERATE,LOW,LOW
filebc494d5a79.116,30.73900414,76.29610663,624075.0,3401395.0,45.0,31.0,18.0,34.0,MODERATE,LOW,LOW
filebc494d5a79.117,30.86294397,76.32559123,626735.0,3415165.0,65.6,36.9,24.6,45.92,MODERATE,LOW,LOW
filebc494d5a79.118,30.82924497,76.33882394,628045.0,3411445.0,58.9,35.3,17.5,41.18,MODERATE,LOW,LOW
filebc494d5a79.119,30.7667836,76.38434824,632485.0,3404575.0,57.5,34.7,21.2,41.120000000000005,MODERATE,LOW,LOW
filebc494d5a79.120,30.81619862,76.42018005,635845.0,3410095.0,31.8,28.0,15.7,27.060000000000002,LOW,LOW,LOW
filebc494d5a79.121,30.83151756,76.3886221,632805.0,3411755.0,33.0,23.1,16.9,25.82,LOW,LOW,LOW
filebc494d5a79.122,30.77314547,76.30147513,624545.0,3405185.0,47.7,31.0,19.7,35.42,MODERATE,LOW,LOW
filebc494d5a79.123,30.80994911,76.4223877,636065.0,3409405.0,52.4,22.2,21.3,34.1,MODERATE,LOW,LOW
filebc494d5a79.124,30.82186974,76.34530773,628675.0,3410635.0,38.0,29.4,18.0,30.560000000000002,LOW,LOW,LOW
filebc494d5a79.125,30.76114688,76.33683564,627945.0,3403895.0,32.0,22.1,16.9,25.02,LOW,LOW,LOW
filebc494d5a79.126,30.77093086,76.37615324,631695.0,3405025.0,59.5,35.6,19.9,42.02,MODERATE,LOW,LOW
filebc494d5a79.127,30.81472002,76.39852006,633775.0,3409905.0,51.2,31.7,20.1,37.18000000000001,MODERATE,LOW,LOW
filebc494d5a79.128,30.78425622,76.27288668,621795.0,3406385.0,52.1,39.2,17.8,40.080000000000005,MODERATE,LOW,LOW
filebc494d5a79.129,30.81508005,76.33005559,627225.0,3409865.0,41.9,32.7,14.7,32.78,LOW,LOW,LOW
filebc494d5a79.130,30.85475484,76.34106062,628225.0,3414275.0,35.5,25.6,16.2,27.680000000000007,LOW,LOW,LOW
filebc494d5a79.131,30.78289233,76.39659627,633635.0,3406375.0,26.4,23.5,20.4,24.04,LOW,LOW,LOW
filebc494d5a79.132,30.83154901,76.37722646,631715.0,3411745.0,43.9,29.3,22.6,33.800000000000004,LOW,LOW,LOW
filebc494d5a79.133,30.84535185,76.38578892,632515.0,3413285.0,53.0,31.0,23.8,38.36,MODERATE,LOW,LOW
filebc494d5a79.134,30.77206159,76.43823426,637635.0,3405225.0,42.9,20.9,21.7,29.86,LOW,LOW,LOW
filebc494d5a79.135,30.84614898,76.35307076,629385.0,3413335.0,30.6,26.3,17.0,26.160000000000004,LOW,LOW,LOW
filebc494d5a79.136,30.81874873,76.31536619,625815.0,3410255.0,38.6,24.8,23.0,29.960000000000004,LOW,LOW,LOW
filebc494d5a79.137,30.83413609,76.34568791,628695.0,3411995.0,33.8,27.4,19.7,28.42,LOW,LOW,LOW
filebc494d5a79.138,30.73373092,76.34439491,628705.0,3400865.0,54.9,41.5,19.7,42.5,MODERATE,LOW,LOW
filebc494d5a79.139,30.84218002,76.38710264,632645.0,3412935.0,52.0,33.1,19.0,37.84,MODERATE,LOW,LOW
filebc494d5a79.140,30.74412051,76.35174676,629395.0,3402025.0,50.7,33.2,17.7,37.1,MODERATE,LOW,LOW
filebc494d5a79.141,30.78649391,76.39727533,633695.0,3406775.0,51.4,30.8,22.7,37.42,MODERATE,LOW,LOW
filebc494d5a79.142,30.80769167,76.36382029,630465.0,3409085.0,51.1,29.1,24.6,37.0,MODERATE,LOW,LOW
filebc494d5a79.143,30.72977947,76.29828091,624295.0,3400375.0,49.0,27.4,19.6,34.480000000000004,MODERATE,LOW,LOW
filebc494d5a79.144,30.82607142,76.39168006,633105.0,3411155.0,62.9,34.1,25.5,43.9,MODERATE,LOW,LOW
filebc494d5a79.145,30.72767812,76.3451464,628785.0,3400195.0,47.0,24.7,29.1,34.5,MODERATE,LOW,LOW
filebc494d5a79.146,30.83069508,76.34689452,628815.0,3411615.0,57.6,37.1,19.6,41.800000000000004,MODERATE,LOW,LOW
filebc494d5a79.147,30.80920105,76.42478078,636295.0,3409325.0,44.3,25.7,18.8,31.76,LOW,LOW,LOW
filebc494d5a79.148,30.76516645,76.35810069,629975.0,3404365.0,35.6,17.8,19.5,25.260000000000005,LOW,LOW,LOW
filebc494d5a79.149,30.81570892,76.39884799,633805.0,3410015.0,57.6,39.0,23.0,43.24,MODERATE,LOW,LOW
filebc494d5a79.150,30.78974237,76.40557826,634485.0,3407145.0,38.6,31.9,19.7,32.14,LOW,LOW,LOW
filebc494d5a79.151,30.83399365,76.35070455,629175.0,3411985.0,65.3,43.5,22.4,48.0,MODERATE,LOW,LOW
filebc494d5a79.152,30.72353875,76.3869673,632795.0,3399785.0,38.1,35.4,16.5,32.7,LOW,LOW,LOW
filebc494d5a79.153,30.82178519,76.2824767,622665.0,3410555.0,44.3,30.8,17.8,33.6,LOW,LOW,LOW
filebc494d5a79.154,30.83044048,76.32786266,626995.0,3411565.0,41.8,20.3,23.9,29.62,LOW,LOW,LOW
filebc494d5a79.155,30.72802539,76.33773597,628075.0,3400225.0,37.6,37.6,12.7,32.620000000000005,LOW,LOW,LOW
filebc494d5a79.156,30.82380575,76.33258037,627455.0,3410835.0,56.8,34.4,21.4,40.76,MODERATE,LOW,LOW
filebc494d5a79.157,30.73401257,76.31692929,626075.0,3400865.0,48.6,40.7,19.1,39.54,MODERATE,LOW,LOW
filebc494d5a79.158,30.7911184,76.36118258,630235.0,3407245.0,46.4,40.8,19.4,38.76,MODERATE,LOW,LOW
filebc494d5a79.159,30.79891875,76.30453977,624805.0,3408045.0,38.1,30.1,16.2,30.520000000000003,LOW,LOW,LOW
filebc494d5a79.160,30.83201065,76.36771881,630805.0,3411785.0,42.6,32.1,20.5,33.980000000000004,LOW,LOW,LOW
filebc494d5a79.161,30.71855535,76.33739634,628055.0,3399175.0,54.3,35.4,19.1,39.699999999999996,MODERATE,LOW,LOW
filebc494d5a79.162,30.74744474,76.36171697,630345.0,3402405.0,51.3,36.3,19.4,38.92,MODERATE,LOW,LOW
filebc494d5a79.163,30.75929075,76.35916739,630085.0,3403715.0,49.5,32.1,19.6,36.56,MODERATE,LOW,LOW
filebc494d5a79.164,30.73612046,76.29575468,624045.0,3401075.0,40.9,29.6,16.7,31.540000000000003,LOW,LOW,LOW
filebc494d5a79.165,30.78711032,76.33886679,628105.0,3406775.0,48.6,31.8,17.2,35.6,MODERATE,LOW,LOW
filebc494d5a79.166,30.73821257,76.36451172,630625.0,3401385.0,24.9,23.1,14.4,22.080000000000002,LOW,LOW,LOW
filebc494d5a79.167,30.78124023,76.35675904,629825.0,3406145.0,40.6,27.4,21.3,31.460000000000004,LOW,LOW,LOW
filebc494d5a79.168,30.79619607,76.28809417,623235.0,3407725.0,51.5,27.4,22.6,36.080000000000005,MODERATE,LOW,LOW
filebc494d5a79.169,30.79667285,76.38195458,632215.0,3407885.0,40.4,27.3,18.3,30.740000000000002,LOW,LOW,LOW
filebc494d5a79.170,30.7622843,76.41667139,635585.0,3404115.0,54.5,28.6,23.0,37.84,MODERATE,LOW,LOW
filebc494d5a79.171,30.72402958,76.34895986,629155.0,3399795.0,32.8,23.9,11.6,25.0,LOW,LOW,LOW
filebc494d5a79.172,30.74970613,76.37825395,631925.0,3402675.0,39.5,23.0,9.7,26.94,LOW,LOW,LOW
filebc494d5a79.173,30.86370436,76.33062188,627215.0,3415255.0,30.3,21.3,7.8,22.2,LOW,LOW,LOW
filebc494d5a79.174,30.7628361,76.33926198,628175.0,3404085.0,44.6,44.3,6.0,36.760000000000005,LOW,LOW,LOW
filebc494d5a79.175,30.73195399,76.36766129,630935.0,3400695.0,28.4,26.5,3.4,22.64,LOW,LOW,LOW
filebc494d5a79.176,30.78873849,76.30304371,624675.0,3406915.0,40.0,25.6,15.2,29.28,LOW,LOW,LOW
filebc494d5a79.177,30.84066481,76.3425376,628385.0,3412715.0,16.3,19.7,6.8,15.76,LOW,LOW,LOW
filebc494d5a79.178,30.74908226,76.33437076,627725.0,3402555.0,53.8,31.5,17.3,37.580000000000005,MODERATE,LOW,LOW
filebc494d5a79.179,30.79326,76.35483763,629625.0,3407475.0,46.4,33.9,17.9,35.699999999999996,MODERATE,LOW,LOW
filebc494d5a79.180,30.7885527,76.35633919,629775.0,3406955.0,61.5,35.3,21.4,43.0,MODERATE,LOW,LOW
filebc494d5a79.181,30.81214854,76.38593918,632575.0,3409605.0,25.2,24.8,7.7,21.54,LOW,LOW,LOW
filebc494d5a79.182,30.73354751,76.37906835,632025.0,3400885.0,58.1,37.7,16.0,41.52000000000001,MODERATE,LOW,LOW
filebc494d5a79.183,30.78827109,76.43283231,637095.0,3407015.0,55.5,30.8,15.8,37.68000000000001,MODERATE,LOW,LOW
filebc494d5a79.184,30.81387365,76.35073651,629205.0,3409755.0,55.0,36.7,18.0,40.28,MODERATE,LOW,LOW
filebc494d5a79.185,30.85032529,76.35919458,629965.0,3413805.0,40.0,34.3,16.5,33.019999999999996,LOW,LOW,LOW
filebc494d5a79.186,30.73423274,76.33949287,628235.0,3400915.0,39.1,17.8,17.4,26.240000000000002,LOW,LOW,LOW
filebc494d5a79.190,30.82093809,76.33944046,625585.0,3403455.0,45.2,31.0,13.5,33.18000000000001,MODERATE,LOW,LOW
filebc494d5a79.191,30.72139208,76.28887386,626125.0,3408365.0,49.2,40.8,8.1,37.62,MODERATE,LOW,LOW
filebc494d5a79.192,30.78407756,76.32670266,631295.0,3401465.0,49.8,33.6,17.1,36.78,MODERATE,LOW,LOW
filebc494d5a79.193,30.72415168,76.33716029,628115.0,3410525.0,63.9,44.4,18.3,46.980000000000004,MODERATE,LOW,LOW
filebc494d5a79.194,30.73502236,76.30628929,623405.0,3399435.0,48.8,18.5,16.7,30.26,MODERATE,LOW,LOW
filebc494d5a79.195,30.80104779,76.40302532,626945.0,3406425.0,48.7,25.0,17.4,32.96,MODERATE,LOW,LOW
filebc494d5a79.196,30.86050827,76.33434276,628025.0,3399795.0,55.7,34.5,23.8,40.839999999999996,MODERATE,LOW,LOW
filebc494d5a79.197,30.80344313,76.28515967,625055.0,3400965.0,42.8,24.7,21.6,31.32,LOW,LOW,LOW
filebc494d5a79.198,30.77782439,76.43111005,634225.0,3408395.0,43.5,32.7,18.7,34.220000000000006,LOW,LOW,LOW
filebc494d5a79.199,30.84349271,76.33954459,627575.0,3414905.0,57.0,33.5,21.0,40.400000000000006,MODERATE,LOW,LOW
filebc494d5a79.200,30.74984177,76.3739729,622945.0,3408525.0,35.3,25.7,19.3,28.259999999999998,LOW,LOW,LOW
filebc494d5a79.201,30.80424597,76.33952242,636945.0,3405855.0,46.9,31.6,22.0,35.800000000000004,MODERATE,LOW,LOW
filebc494d5a79.202,30.80145017,76.28596931,628095.0,3413025.0,56.2,32.7,20.9,39.74,MODERATE,LOW,LOW
filebc494d5a79.203,30.83615104,76.35146666,631515.0,3402685.0,46.1,27.4,19.7,33.34,MODERATE,LOW,LOW
filebc494d5a79.204,30.77034964,76.37990644,628145.0,3408675.0,44.6,30.9,17.8,33.76,LOW,LOW,LOW
filebc494d5a79.205,30.84260627,76.40613925,623025.0,3408305.0,44.6,30.9,17.8,33.76,LOW,LOW,LOW
filebc494d5a79.206,30.75620151,76.31754465,629245.0,3412225.0,34.4,23.9,17.9,26.9,LOW,LOW,LOW
filebc494d5a79.207,30.73247122,76.29977924,632055.0,3404965.0,31.9,26.1,14.9,26.180000000000003,LOW,LOW,LOW
filebc494d5a79.187,30.75742933,76.3121288,634465.0,3413005.0,44.7,36.6,19.6,36.440000000000005,LOW,LOW,LOW
filebc494d5a79.188,30.80166592,76.31837357,626105.0,3403325.0,29.3,19.0,20.1,23.34,LOW,LOW,LOW
filebc494d5a79.189,30.73886048,76.37151909,624435.0,3400675.0,36.4,31.8,13.8,30.040000000000003,LOW,LOW,LOW
