sample_id,easting_utm,northing_utm,longitude,latitude,bulk_density,pH,EC,K2O,available_P,OC,CaCO3,available_N,CEC
id,628845.0,3407015.0,76.34673631,30.78880211,231.5495,8.427,0.099,55.3336,19.712,0.4125,0.375,225.792,14.0652174
filebc494d5a79.1,624795.0,3402715.0,76.30378663,30.75083684,194.663,8.301,0.136,209.188,15.008,0.525,0.625,288.512,14.0652174
filebc494d5a79.2,630695.0,3414945.0,76.36697308,30.86052871,231.4,8.238,0.123,99.8704,87.136,0.6225,0.25,225.792,10.9282609
filebc494d5a79.3,629605.0,3405295.0,76.354353,30.77359641,161.879,8.49,0.098,78.2768,26.88,0.285,0.5,188.16,9.42173913
filebc494d5a79.4,628925.0,3401215.0,76.34673631,30.73686448,198.649,8.34,0.176,49.2604,57.344,0.66,0.75,313.6,14.0652174
filebc494d5a79.5,636375.0,3407015.0,76.42530929,30.78835403,181.078,8.058,0.12,90.4232,69.44,0.375,0.5,225.792,13.6934783
filebc494d5a79.6,628135.0,3411645.0,76.33978981,30.83103944,209.393,7.885,0.11,177.4724,34.944,0.135,0.875,225.792,7.95217391
filebc494d5a79.7,624855.0,3408945.0,76.30517202,30.80703252,264.255,7.922,0.075,325.9284,112.0,0.6375,0.25,225.792,15.0456522
filebc494d5a79.8,635585.0,3403905.0,76.41664364,30.76038993,175.972,8.398,0.095,62.0816,20.832,0.5625,0.5,250.88,16.1173913
filebc494d5a79.9,625985.0,3409055.0,76.31699539,30.80790536,246.685,8.429,0.091,39.8132,26.432,0.3375,0.5,225.792,8.57173913
filebc494d5a79.10,631685.0,3399715.0,76.37536785,30.72303063,230.579,8.618,0.066,42.5124,6.496,0.15,0.375,188.16,14.0652174
filebc494d5a79.11,633885.0,3408975.0,76.3995481,30.80631827,177.512,8.424,0.108,49.2604,10.08,0.4575,0.625,188.16,14.4130435
filebc494d5a79.12,627895.0,3407635.0,76.33677986,30.79489107,209.397,8.174,0.145,60.0572,56.896,0.42,0.5,426.496,10.5706522
filebc494d5a79.13,630815.0,3412185.0,76.36787452,30.83561789,250.9,8.265,0.079,55.3336,33.6,0.375,0.25,163.072,14.0652174
filebc494d5a79.14,632895.0,3405475.0,76.38874792,30.77485661,195.953,7.95,0.074,47.9108,19.712,0.3,0.5,275.968,10.7304348
filebc494d5a79.15,632865.0,3406555.0,76.38857446,30.78460251,205.827,7.76,0.075,134.96,15.904,0.15,0.5,263.424,14.0652174
filebc494d5a79.16,626855.0,3400995.0,76.32509108,30.7351024,252.789,8.054,0.121,99.8704,62.048,0.735,0.125,225.792,8.26521739
filebc494d5a79.17,627815.0,3415195.0,76.33688871,30.86309845,193.2,8.085,0.223,188.944,140.0,0.765,1.5,313.6,14.0652174
filebc494d5a79.18,633225.0,3403875.0,76.39198776,30.76038623,237.788,8.093,0.16,118.09,94.08,0.6975,0.25,213.248,21.8195652
filebc494d5a79.19,627145.0,3406115.0,76.32875393,30.78125961,227.37,8.328,0.108,64.7808,37.856,0.4875,0.375,225.792,16.6434783
filebc494d5a79.20,625215.0,3406525.0,76.30863864,30.7851634,212.175,8.297,0.097,49.2604,21.504,0.48,0.25,225.792,11.9630435
filebc494d5a79.21,621255.0,3406125.0,76.26721352,30.78196596,195.448,8.342,0.073,37.114,23.52,0.135,0.25,188.16,14.0652174
filebc494d5a79.22,626495.0,3414575.0,76.32300841,30.85764725,157.756,8.488,0.103,47.9108,38.752,0.45,0.375,188.16,18.7608696
filebc494d5a79.23,630415.0,3412845.0,76.3637771,30.84161577,240.339,8.448,0.087,45.2116,37.632,0.3525,0.5,250.88,13.2
filebc494d5a79.24,629835.0,3415045.0,76.35799298,30.86152545,250.575,7.66,0.072,38.4636,19.712,0.3975,0.375,150.528,14.0652174
filebc494d5a79.25,626785.0,3400335.0,76.32427862,30.72915588,243.247,8.527,0.099,59.3824,36.96,0.615,6.875,225.792,4.53804348
filebc494d5a79.26,624455.0,3408225.0,76.30090402,30.80057932,198.193,8.18,0.091,45.2116,27.776,0.375,0.5,62.72,14.0652174
filebc494d5a79.27,628965.0,3399165.0,76.34689685,30.71836689,225.858,8.49,0.088,67.48,18.144,0.1875,2.5,250.88,14.0652174
filebc494d5a79.28,627555.0,3409595.0,76.33347109,30.81260892,242.368,8.47,0.055,24.2928,27.328,0.0375,0.625,125.44,14.0652174
filebc494d5a79.29,633465.0,3406895.0,76.39488778,30.78760229,150.594,8.339,0.101,67.48,35.616,0.525,0.5,288.512,14.0652174
filebc494d5a79.30,623805.0,3411895.0,76.29455518,30.83375502,312.837,8.476,0.075,10.122,6.72,0.2025,0.25,125.44,8.48478261
filebc494d5a79.31,634025.0,3407035.0,76.40075737,30.78880211,244.262,8.553,0.105,50.61,19.488,0.45,1.5,263.424,26.0434783
filebc494d5a79.32,633795.0,3407275.0,76.39838547,30.79099305,230.165,8.504,0.099,28.3416,23.296,0.375,0.625,213.248,14.0652174
filebc494d5a79.33,628595.0,3406285.0,76.34392527,30.78263703,247.164,8.391,0.097,49.2604,15.008,0.3,0.25,225.792,9.99782609
filebc494d5a79.34,627815.0,3408295.0,76.33602623,30.80085358,202.304,8.44,0.11,43.1872,32.704,0.315,0.625,225.792,12.5065217
filebc494d5a79.35,627225.0,3401805.0,76.32905543,30.74237002,255.342,8.143,0.142,120.1144,87.36,0.375,0.25,175.616,19.0956522
filebc494d5a79.36,626225.0,3403655.0,76.31883872,30.75916576,255.465,8.256,0.104,36.4392,51.072,0.375,0.375,225.792,13.8369565
filebc494d5a79.37,636275.0,3407425.0,76.42431895,30.79206401,225.907,8.521,0.074,19.5692,14.56,0.3,0.125,225.792,15.273913
filebc494d5a79.38,632485.0,3402965.0,76.3841404,30.75225992,263.105,8.285,0.129,103.9192,108.416,0.5775,0.375,188.16,14.0652174
filebc494d5a79.39,633645.0,3404185.0,76.39641537,30.76313554,215.703,8.348,0.107,43.862,19.712,0.8625,0.25,263.424,10.7152174
filebc494d5a79.40,623905.0,3411195.0,76.29551578,30.82742977,169.849,8.171,0.139,81.6508,67.424,0.3,0.5,225.792,11.7543478
filebc494d5a79.41,631105.0,3408225.0,76.37039883,30.79986312,239.261,8.332,0.113,47.236,16.128,0.4125,0.5,188.16,14.0652174
filebc494d5a79.42,634255.0,3407155.0,76.40317632,30.78985861,115.802,8.323,0.13,92.4476,40.32,0.675,2.5,301.056,31.2771739
filebc494d5a79.43,636595.0,3406225.0,76.42750271,30.78120237,141.346,7.027,0.123,76.2524,10.08,0.1875,0.25,163.072,7.52826087
filebc494d5a79.44,624125.0,3410475.0,76.29772818,30.82091152,210.86,8.149,0.067,124.838,9.408,0.12,0.375,125.44,14.0652174
filebc494d5a79.45,632775.0,3408215.0,76.38784922,30.7995872,307.897,8.567,0.081,16.87,23.968,0.21,1.875,150.528,14.0652174
filebc494d5a79.46,625075.0,3414415.0,76.30814035,30.85635477,292.922,8.401,0.09,8.0976,25.76,0.075,0.5,175.616,14.0652174
filebc494d5a79.47,628225.0,3407385.0,76.34019699,30.7926002,126.978,8.573,0.069,35.0896,23.296,0.195,0.625,125.44,15.3565217
filebc494d5a79.48,632165.0,3403025.0,76.38080574,30.7528368,173.811,8.466,0.114,34.4148,20.16,0.3525,0.5,188.16,14.0652174
filebc494d5a79.49,636565.0,3410055.0,76.42769992,30.81575509,246.838,8.44,0.097,29.0164,15.232,-0.015,0.5,225.792,10.5543478
filebc494d5a79.50,626865.0,3415935.0,76.32704636,30.8698762,214.374,8.506,0.046,27.6668,10.752,0.1275,0.5,150.528,10.9478261
filebc494d5a79.51,629895.0,3406315.0,76.35751196,30.78276615,265.433,8.57,0.109,66.1304,14.112,0.525,1.0,288.512,10.1195652
filebc494d5a79.52,630955.0,3408405.0,76.36885432,30.80150345,199.66,8.489,0.104,76.9272,12.096,0.6825,0.25,225.792,1.37173913
filebc494d5a79.53,627295.0,3399525.0,76.3295041,30.72179428,254.013,8.448,0.096,43.1872,11.2,0.3375,1.0,250.88,14.0652174
filebc494d5a79.54,624915.0,3406675.0,76.30552227,30.78654818,184.646,8.401,0.086,56.6832,33.824,0.3375,0.75,225.792,15.3608696
filebc494d5a79.55,626635.0,3405085.0,76.32329807,30.77202236,174.15,8.623,0.091,64.106,8.064,0.6375,0.75,225.792,15.8130435
filebc494d5a79.56,627845.0,3406675.0,76.33613759,30.78623625,232.797,8.431,0.115,18.8944,45.92,0.3525,0.875,225.792,19.7326087
filebc494d5a79.57,631255.0,3412625.0,76.37253079,30.83953841,249.203,8.569,0.098,42.5124,44.576,0.375,0.5,238.336,20.1695652
filebc494d5a79.58,631595.0,3405785.0,76.37520607,30.77779785,163.064,8.572,0.109,62.0816,78.4,0.5625,4.25,313.6,14.0652174
filebc494d5a79.59,629595.0,3410105.0,76.35485701,30.81698842,138.127,8.8,0.064,37.7888,6.72,0.2625,0.5,175.616,14.0652174
filebc494d5a79.60,633955.0,3408735.0,76.40024825,30.80414538,198.35,8.411,0.085,68.8296,9.408,0.165,1.125,188.16,20.4217391
filebc494d5a79.61,630215.0,3405535.0,76.36075637,30.77569473,282.749,8.442,0.107,49.9352,7.168,0.39,0.25,200.704,14.0652174
filebc494d5a79.62,627385.0,3406355.0,76.33129135,30.78339895,173.769,8.398,0.112,64.7808,73.024,0.315,0.375,188.16,14.0652174
filebc494d5a79.63,628325.0,3400675.0,76.34040279,30.73205796,222.719,8.4,0.133,116.0656,8.288,0.465,1.125,188.16,14.0652174
filebc494d5a79.64,633215.0,3405645.0,76.39211316,30.7763543,191.25,8.23,0.171,180.1716,19.712,0.675,1.375,200.704,14.0652174
filebc494d5a79.65,627005.0,3399735.0,76.32650188,30.72371971,251.05,8.54,0.131,109.3176,8.96,0.615,0.5,225.792,21.126087
filebc494d5a79.66,625345.0,3411945.0,76.31066064,30.83404417,194.453,8.488,0.078,22.9432,13.664,0.36,0.75,263.424,17.1521739
filebc494d5a79.67,624245.0,3400055.0,76.29772008,30.72689788,152.73,8.596,0.104,48.5856,10.528,0.24,0.375,200.704,8.72173913
filebc494d5a79.68,630465.0,3407325.0,76.36359609,30.79181482,206.35,8.42,0.116,93.1224,32.032,0.255,0.5,150.528,19.2456522
filebc494d5a79.69,625965.0,3404375.0,76.31621115,30.76568859,272.806,8.352,0.125,97.846,14.784,0.2775,0.75,225.792,1.02173913
filebc494d5a79.70,626495.0,3416275.0,76.32321906,30.87298295,273.155,8.373,0.152,68.8296,11.648,0.675,0.5,263.424,14.0652174
filebc494d5a79.71,636455.0,3405525.0,76.42594685,30.77490395,292.225,8.482,0.113,60.0572,12.096,0.375,0.25,225.792,20.9521739
filebc494d5a79.72,629125.0,3406215.0,76.3494541,30.78194804,249.9,8.696,0.068,27.6668,6.048,0.12,0.5,188.16,14.0652174
filebc494d5a79.73,633675.0,3407385.0,76.39714593,30.79199887,260.83,8.628,0.099,43.1872,5.6,0.0375,0.5,225.792,3.24347826
filebc494d5a79.74,625835.0,3410205.0,76.31556909,30.81829555,209.5,8.393,0.084,136.9844,16.128,0.4875,0.375,188.16,14.0652174
filebc494d5a79.75,626045.0,3406475.0,76.31730501,30.78462451,303.245,8.239,0.098,85.6996,12.544,0.4125,0.25,200.704,18.4304348
filebc494d5a79.76,628195.0,3409095.0,76.34009754,30.8080294,231.159,8.293,0.11,73.5532,19.264,0.3,0.375,225.792,9.9673913
filebc494d5a79.77,623445.0,3406945.0,76.29019471,30.78913769,258.5,8.34,0.11,93.1224,13.664,0.315,0.5,225.792,14.0652174
filebc494d5a79.78,628055.0,3404005.0,76.33799844,30.76212735,263.215,8.578,0.088,77.602,16.128,0.975,0.5,263.424,14.0652174
filebc494d5a79.79,627615.0,3403885.0,76.33338718,30.76109216,287.54,8.505,0.09,47.236,29.12,0.45,0.125,188.16,14.0652174
filebc494d5a79.80,630845.0,3414545.0,76.36849034,30.8569038,279.63,8.566,0.083,27.6668,16.352,0.39,0.375,250.88,14.0652174
filebc494d5a79.81,626355.0,3402045.0,76.31999854,30.74462786,242.161,8.341,0.081,33.0652,19.712,0.4125,0.25,288.512,14.0652174
filebc494d5a79.82,625945.0,3415755.0,76.31740282,30.8683507,216.58,8.5,0.098,8.7724,17.024,0.3,1.875,275.968,14.0652174
filebc494d5a79.83,634165.0,3411345.0,76.40278503,30.82766585,216.29,8.587,0.083,47.9108,17.696,0.36,0.125,200.704,14.0652174
filebc494d5a79.84,627055.0,3405055.0,76.32768224,30.77170688,180.84,8.606,0.084,55.3336,18.592,0.2775,0.125,200.704,13.4826087
filebc494d5a79.85,632915.0,3403775.0,76.38873661,30.75951885,192.022,8.552,0.081,80.976,11.872,0.375,0.25,225.792,0.86304348
filebc494d5a79.86,625485.0,3403905.0,76.31113925,30.76149942,201.69,8.331,0.154,94.472,18.144,0.435,0.5,225.792,18.3347826
filebc494d5a79.87,627015.0,3407815.0,76.32760636,30.79660938,207.628,8.416,0.099,90.4232,0.448,0.3525,0.25,200.704,15.276087
filebc494d5a79.88,622955.0,3408085.0,76.28521135,30.79947275,186.208,8.229,0.118,202.44,41.216,0.6,0.375,225.792,7.2673913
filebc494d5a79.89,628845.0,3403185.0,76.346148,30.75464468,212.058,8.665,0.072,85.6996,12.992,0.225,0.25,200.704,14.0652174
filebc494d5a79.90,627505.0,3409415.0,76.33292608,30.81099051,266.514,8.486,0.09,26.992,35.168,0.48,0.5,188.16,18.9130435
filebc494d5a79.91,627015.0,3415405.0,76.3285491,30.86507899,210.809,8.66,0.077,45.2116,16.128,0.36,2.0,263.424,19.473913
filebc494d5a79.92,625435.0,3412215.0,76.31163464,30.83647033,263.699,8.609,0.105,37.7888,18.144,0.6,0.5,301.056,16.5108696
filebc494d5a79.93,626135.0,3414545.0,76.31924032,30.85741504,253.72,8.411,0.128,107.2932,21.28,0.3,1.0,188.16,14.0652174
filebc494d5a79.94,635845.0,3406355.0,76.41968401,30.78246111,299.536,8.522,0.08,50.61,29.792,0.3375,0.375,188.16,15.2869565
filebc494d5a79.95,624895.0,3411075.0,76.30585003,30.82624332,174.429,8.525,0.076,89.0736,11.2,0.315,2.75,225.792,16.0543478
filebc494d5a79.96,627665.0,3412155.0,76.33494026,30.83569087,214.11,8.426,0.099,114.716,17.248,0.66,0.625,225.792,1.09347826
filebc494d5a79.97,632395.0,3405185.0,76.38348679,30.77229639,207.87,8.482,0.108,84.35,12.544,0.45,1.75,250.88,24.9673913
filebc494d5a79.98,628785.0,3405245.0,76.34577984,30.77323456,242.981,8.403,0.139,187.5944,27.328,0.525,0.5,225.792,9.26521739
filebc494d5a79.99,632895.0,3412835.0,76.38970331,30.84124992,220.898,8.457,0.236,178.1472,37.184,0.825,1.75,301.056,14.0652174
filebc494d5a79.100,635005.0,3406305.0,76.41090104,30.78210588,318.362,8.496,0.145,284.0908,25.536,0.675,2.5,313.6,12.6391304
filebc494d5a79.101,630035.0,3408075.0,76.35919808,30.79862773,180.904,8.274,0.151,247.6516,39.648,0.525,1.25,250.88,14.0652174
filebc494d5a79.102,629315.0,3408055.0,76.35167149,30.798526,213.699,8.538,0.081,75.5776,11.2,0.45,1.0,238.336,22.1130435
filebc494d5a79.103,633085.0,3409345.0,76.3912356,30.80974601,298.332,8.322,0.115,84.35,141.568,0.4125,0.5,213.248,15.3586957
filebc494d5a79.104,628785.0,3401075.0,76.34525668,30.7356167,221.004,8.542,0.101,123.4884,22.4,0.675,2.75,275.968,9.58913043
filebc494d5a79.105,634295.0,3410715.0,76.40406121,30.82196806,254.718,8.769,0.088,91.7728,30.464,0.165,1.75,263.424,19.9934783
filebc494d5a79.106,626005.0,3403185.0,76.3164829,30.75494915,180.737,8.867,0.084,148.456,18.592,0.4425,4.0,125.44,13.5217391
filebc494d5a79.107,630205.0,3405045.0,76.36058968,30.77127554,287.667,8.418,0.163,175.448,24.416,0.57,2.25,225.792,17.7217391
filebc494d5a79.108,626815.0,3402085.0,76.3248079,30.74493974,289.737,8.459,0.151,229.432,13.216,0.285,0.75,175.616,17.6586957
filebc494d5a79.109,637035.0,3404465.0,76.43186461,30.76527521,319.51,8.486,0.126,74.9028,14.336,0.5775,0.25,225.792,10.7304348
filebc494d5a79.110,632935.0,3404505.0,76.3890401,30.76610187,281.89,8.503,0.088,45.8864,12.32,0.4875,0.375,301.056,14.0652174
filebc494d5a79.111,636005.0,3407935.0,76.4215654,30.79669555,231.699,8.401,0.094,42.5124,15.008,0.48,0.875,225.792,14.0652174
filebc494d5a79.112,630375.0,3403205.0,76.3621319,30.75465826,202.942,8.427,0.099,55.3336,19.712,1.575,0.5,225.792,14.0652174
filebc494d5a79.113,622845.0,3407795.0,76.28402702,30.79686799,165.024,8.508,0.093,66.1304,10.528,0.54,1.0,225.792,13.4347826
filebc494d5a79.114,633175.0,3411465.0,76.39245213,30.82886001,211.569,8.386,0.121,124.838,13.888,0.5775,1.25,225.792,20.4934783
filebc494d5a79.115,629665.0,3410435.0,76.35563047,30.81995768,286.937,8.427,0.094,107.968,13.664,0.2925,0.25,225.792,1.32608696
filebc494d5a79.116,624075.0,3401395.0,76.29610663,30.73900414,264.51,8.434,0.09,39.8132,12.32,0.4875,0.625,200.704,14.0652174
filebc494d5a79.117,626735.0,3415165.0,76.32559123,30.86294397,307.042,8.663,0.096,10.122,16.8,0.2325,1.25,200.704,15.3347826
filebc494d5a79.118,628045.0,3411445.0,76.33882394,30.82924497,292.669,8.369,0.087,62.7564,33.824,0.225,0.5,225.792,14.0652174
filebc494d5a79.119,632485.0,3404575.0,76.38434824,30.7667836,247.06,8.665,0.072,58.0328,18.592,0.2475,0.5,225.792,10.1586957
filebc494d5a79.120,635845.0,3410095.0,76.42018005,30.81619862,196.767,8.169,0.141,129.5616,23.968,0.54,0.5,225.792,10.2217391
filebc494d5a79.121,632805.0,3411755.0,76.3886221,30.83151756,270.032,8.427,0.099,55.3336,19.712,1.575,0.5,225.792,14.0652174
filebc494d5a79.122,624545.0,3405185.0,76.30147513,30.77314547,212.965,8.418,0.094,99.1956,104.16,0.33,1.0,250.88,14.0652174
filebc494d5a79.123,636065.0,3409405.0,76.4223877,30.80994911,231.5495,8.538,0.12,35.0896,22.4,0.285,0.5,388.864,14.0652174
filebc494d5a79.124,628675.0,3410635.0,76.34530773,30.82186974,196.608,8.464,0.112,79.6264,12.544,0.48,0.125,225.792,11.0369565
filebc494d5a79.125,627945.0,3403895.0,76.33683564,30.76114688,202.432,8.342,0.114,28.3416,27.328,0.6,0.5,288.512,1.68478261
filebc494d5a79.126,631695.0,3405025.0,76.37615324,30.77093086,265.892,8.585,0.083,50.61,7.84,0.21,0.25,225.792,5.8326087
filebc494d5a79.127,633775.0,3409905.0,76.39852006,30.81472002,223.759,8.562,0.085,55.3336,25.984,0.3,0.5,250.88,12.6630435
filebc494d5a79.128,621795.0,3406385.0,76.27288668,30.78425622,225.606,8.472,0.076,51.9596,13.664,0.2475,0.25,163.072,7.6826087
filebc494d5a79.129,627225.0,3409865.0,76.33005559,30.81508005,226.185,8.285,0.086,45.2116,15.008,0.4125,0.25,200.704,13.2282609
filebc494d5a79.130,628225.0,3414275.0,76.34106062,30.85475484,173.46,8.296,0.101,33.74,14.336,0.45,0.5,288.512,6.05434783
filebc494d5a79.131,633635.0,3406375.0,76.39659627,30.78289233,171.686,8.269,0.126,116.7404,44.352,0.6975,2.0,238.336,14.0652174
filebc494d5a79.132,631715.0,3411745.0,76.37722646,30.83154901,265.157,8.421,0.12,62.0816,33.824,0.5625,1.875,200.704,14.0652174
filebc494d5a79.133,632515.0,3413285.0,76.38578892,30.84535185,293.582,8.423,0.104,70.1792,21.056,0.45,2.375,213.248,20.6782609
filebc494d5a79.134,637635.0,3405225.0,76.43823426,30.77206159,294.479,8.517,0.112,36.4392,41.44,0.6525,1.35,288.512,24.3630435
filebc494d5a79.135,629385.0,3413335.0,76.35307076,30.84614898,187.827,8.432,0.105,184.2204,34.944,0.615,0.25,225.792,26.5163043
filebc494d5a79.136,625815.0,3410255.0,76.31536619,30.81874873,219.803,8.376,0.147,149.1308,74.816,0.5625,1.825,263.424,14.0652174
filebc494d5a79.137,628695.0,3411995.0,76.34568791,30.83413609,144.54,8.608,0.091,50.61,27.552,0.525,0.375,238.336,17.6282609
filebc494d5a79.138,628705.0,3400865.0,76.34439491,30.73373092,284.066,8.575,0.093,33.74,14.336,0.345,0.25,100.352,14.0652174
filebc494d5a79.139,632645.0,3412935.0,76.38710264,30.84218002,285.015,8.521,0.092,26.3172,21.056,0.3975,0.375,200.704,13.4478261
filebc494d5a79.140,629395.0,3402025.0,76.35174676,30.74412051,248.827,8.427,0.095,64.7808,17.248,0.315,0.25,225.792,9.83913043
filebc494d5a79.141,633695.0,3406775.0,76.39727533,30.78649391,211.947,8.551,0.098,77.602,10.752,0.3,1.25,263.424,7.19130435
filebc494d5a79.142,630465.0,3409085.0,76.36382029,30.80769167,239.423,8.508,0.127,29.6912,99.68,0.375,1.75,263.424,14.0652174
filebc494d5a79.143,624295.0,3400375.0,76.29828091,30.72977947,282.606,8.463,0.112,80.3012,25.536,0.45,0.625,263.424,14.0652174
filebc494d5a79.144,633105.0,3411155.0,76.39168006,30.82607142,303.219,8.594,0.118,72.8784,13.888,0.2775,1.625,225.792,16.0108696
filebc494d5a79.145,628785.0,3400195.0,76.3451464,30.72767812,213.508,8.495,0.109,8.7724,11.648,0.4875,3.75,288.512,17.7391304
filebc494d5a79.146,628815.0,3411615.0,76.34689452,30.83069508,287.268,8.578,0.077,29.0164,32.032,0.3,0.375,175.616,14.0652174
filebc494d5a79.147,636295.0,3409325.0,76.42478078,30.80920105,275.604,8.407,0.112,38.4636,10.08,0.525,0.75,263.424,14.0652174
filebc494d5a79.148,629975.0,3404365.0,76.35810069,30.76516645,278.771,8.448,0.1,59.3824,21.952,0.75,1.25,301.056,18.026087
filebc494d5a79.149,633805.0,3410015.0,76.39884799,30.81570892,313.306,8.522,0.121,27.6668,30.464,0.375,1.25,125.44,15.0163043
filebc494d5a79.150,634485.0,3407145.0,76.40557826,30.78974237,188.91,8.657,0.065,47.236,33.824,0.525,0.5,175.616,7.83478261
filebc494d5a79.151,629175.0,3411985.0,76.35070455,30.83399365,246.942,8.618,0.082,32.3904,18.368,0.075,0.75,150.528,14.1478261
filebc494d5a79.152,632795.0,3399785.0,76.3869673,30.72353875,142.995,8.312,0.109,50.61,19.936,0.3375,0.25,188.16,14.0652174
filebc494d5a79.153,622665.0,3410555.0,76.2824767,30.82178519,258.604,8.429,0.08,100.5452,18.592,0.495,0.75,200.704,11.9565217
filebc494d5a79.154,626995.0,3411565.0,76.32786266,30.83044048,264.13,8.315,0.147,150.4804,160.384,0.6,2.5,313.6,18.4826087
filebc494d5a79.155,628075.0,3400225.0,76.33773597,30.72802539,226.854,8.049,0.122,4.0488,63.392,0.435,0.25,125.44,18.0152174
filebc494d5a79.156,627455.0,3410835.0,76.33258037,30.82380575,244.122,8.709,0.072,105.9436,6.0032,0.2625,0.375,225.792,11.15
filebc494d5a79.157,626075.0,3400865.0,76.31692929,30.73401257,212.173,8.382,0.091,39.1384,9.632,0.3,1.0,125.44,6.6826087
filebc494d5a79.158,630235.0,3407245.0,76.36118258,30.7911184,223.3,8.596,0.07,70.1792,19.488,0.4125,0.5,87.808,4.20652174
filebc494d5a79.159,624805.0,3408045.0,76.30453977,30.79891875,203.4,8.267,0.112,21.5936,44.128,0.45,0.5,225.792,12.0456522
filebc494d5a79.160,630805.0,3411785.0,76.36771881,30.83201065,197.55,8.732,0.055,51.9596,25.984,0.48,0.5,188.16,14.0652174
filebc494d5a79.161,628055.0,3399175.0,76.33739634,30.71855535,292.4,8.431,0.12,41.1628,15.904,0.3375,0.375,188.16,14.0652174
filebc494d5a79.162,630345.0,3402405.0,76.36171697,30.74744474,295.1,8.554,0.087,51.9596,14.784,0.45,0.5,137.984,14.0652174
filebc494d5a79.163,630085.0,3403715.0,76.35916739,30.75929075,239.05,8.525,0.092,45.2116,17.248,0.36,0.5,225.792,9.11304348
filebc494d5a79.164,624045.0,3401075.0,76.29575468,30.73612046,265.15,8.37,0.104,53.984,18.368,0.5475,0.375,200.704,14.0652174
filebc494d5a79.165,628105.0,3406775.0,76.33886679,30.78711032,261.85,8.389,0.103,40.488,12.992,0.375,0.25,225.792,13.7347826
filebc494d5a79.166,630625.0,3401385.0,76.36451172,30.73821257,219.2,8.249,0.121,29.6912,30.912,0.9,0.25,225.792,15.8543478
filebc494d5a79.167,629825.0,3406145.0,76.35675904,30.78124023,159.25,8.759,0.061,21.5936,16.8,0.45,0.5,263.424,21.4782609
filebc494d5a79.168,623235.0,3407725.0,76.28809417,30.79619607,290.95,8.388,0.112,47.9108,34.944,0.45,2.0,263.424,19.0847826
filebc494d5a79.169,632215.0,3407885.0,76.38195458,30.79667285,293.2,8.301,0.152,43.862,50.624,0.6075,0.625,213.248,14.0652174
filebc494d5a79.170,635585.0,3404115.0,76.41667139,30.7622843,268.4,8.658,0.061,116.7404,13.888,0.3975,1.5,263.424,14.0652174
filebc494d5a79.171,629155.0,3399795.0,76.34895986,30.72402958,248.9,8.068,0.088,55.3336,41.44,0.6,0.5,263.424,17.5543478
filebc494d5a79.172,631925.0,3402675.0,76.37825395,30.74970613,347.6,7.892,0.129,68.8296,67.648,0.6,0.125,275.968,21.4543478
filebc494d5a79.173,627215.0,3415255.0,76.33062188,30.86370436,273.15,7.876,0.088,68.1548,46.144,0.6375,0.25,288.512,20.6673913
filebc494d5a79.174,628175.0,3404085.0,76.33926198,30.7628361,286.55,7.8,0.047,46.5612,10.08,0.3375,0.25,62.72,10.673913
filebc494d5a79.175,630935.0,3400695.0,76.36766129,30.73195399,254.2,7.465,0.088,62.0816,35.168,0.525,0.5,250.88,14.0652174
filebc494d5a79.176,624675.0,3406915.0,76.30304371,30.78873849,232.05,8.198,0.111,45.8864,24.192,0.45,0.5,288.512,14.0652174
filebc494d5a79.177,628385.0,3412715.0,76.3425376,30.84066481,178.8,7.734,0.102,75.5776,13.216,0.705,0.5,288.512,19.9043478
filebc494d5a79.178,627725.0,3402555.0,76.33437076,30.74908226,318.2,8.421,0.104,38.4636,25.088,0.39,0.125,225.792,24.7978261
filebc494d5a79.179,629625.0,3407475.0,76.35483763,30.79326,183.25,8.456,0.072,92.4476,47.712,0.285,0.5,225.792,17.8565217
filebc494d5a79.180,629775.0,3406955.0,76.35633919,30.7885527,262.7,8.817,0.048,23.618,17.248,0.225,0.125,225.792,17.4
filebc494d5a79.181,632575.0,3409605.0,76.38593918,30.81214854,179.15,7.772,0.094,46.5612,99.008,0.525,0.5,275.968,14.0652174
filebc494d5a79.182,632025.0,3400885.0,76.37906835,30.73354751,296.8,8.232,0.12,43.1872,70.336,0.195,0.125,200.704,15.6826087
filebc494d5a79.183,637095.0,3407015.0,76.43283231,30.78827109,311.15,8.24,0.098,19.5692,40.096,0.3,0.5,263.424,14.0652174
filebc494d5a79.184,629205.0,3409755.0,76.35073651,30.81387365,346.65,8.403,0.105,64.106,39.2,0.435,0.5,137.984,14.0652174
filebc494d5a79.185,629965.0,3413805.0,76.35919458,30.85032529,182.05,8.333,0.09,28.3416,20.832,0.3825,0.5,188.16,14.0652174
filebc494d5a79.186,628235.0,3400915.0,76.33949287,30.73423274,331.2,8.427,0.11,80.976,46.816,0.75,0.5,301.056,32.701087
filebc494d5a79.190,625585.0,3403455.0,76.33944046,30.82093809,299.15,8.148,0.116,23.618,12.544,0.45,0.125,213.248,21.6217391
filebc494d5a79.191,626125.0,3408365.0,76.28887386,30.72139208,240.2,7.809,0.074,43.862,13.664,0.1425,0.25,175.616,14.6108696
filebc494d5a79.192,631295.0,3401465.0,76.32670266,30.78407756,245.95,8.427,0.068,23.618,11.2,0.3375,0.5,213.248,20.35
filebc494d5a79.193,628115.0,3410525.0,76.33716029,30.72415168,258.5,8.42,0.072,15.5204,135.744,0.06,0.5,137.984,14.0652174
filebc494d5a79.194,623405.0,3399435.0,76.30628929,30.73502236,302.65,8.197,0.143,58.7076,19.04,0.4125,0.5,401.408,7.14130435
filebc494d5a79.195,626945.0,3406425.0,76.40302532,30.80104779,302.2,8.267,0.136,26.992,20.608,0.435,0.5,301.056,14.0652174
filebc494d5a79.196,628025.0,3399795.0,76.33434276,30.86050827,286.4,8.579,0.119,34.4148,11.648,0.375,1.25,188.16,14.0652174
filebc494d5a79.197,625055.0,3400965.0,76.28515967,30.80344313,213.5,8.506,0.084,217.9604,207.424,0.4875,1.575,288.512,15.0815217
filebc494d5a79.198,634225.0,3408395.0,76.43111005,30.77782439,168.1,8.552,0.069,39.8132,8.96,0.3375,0.375,225.792,6.52826087
filebc494d5a79.199,627575.0,3414905.0,76.33954459,30.84349271,266.35,8.669,0.07,36.4392,18.368,0.3,0.5,225.792,13.7391304
filebc494d5a79.200,622945.0,3408525.0,76.3739729,30.74984177,219.2,8.637,0.098,85.6996,7.84,0.6375,0.125,225.792,18.6282609
filebc494d5a79.201,636945.0,3405855.0,76.33952242,30.80424597,171.95,8.508,0.084,55.3336,12.992,0.3075,1.45,250.88,14.0652174
filebc494d5a79.202,628095.0,3413025.0,76.28596931,30.80145017,295.7,8.667,0.083,19.5692,23.968,0.375,0.375,213.248,14.0652174
filebc494d5a79.203,631515.0,3402685.0,76.35146666,30.83615104,223.25,8.607,0.089,45.2116,14.112,0.4125,0.25,275.968,14.0652174
filebc494d5a79.204,628145.0,3408675.0,76.37990644,30.77034964,231.5495,8.427,0.099,55.3336,19.712,0.4125,0.375,225.792,14.0652174
filebc494d5a79.205,623025.0,3408305.0,76.40613925,30.84260627,231.5495,8.427,0.099,55.3336,19.712,0.4125,0.375,225.792,14.0652174
filebc494d5a79.206,629245.0,3412225.0,76.31754465,30.75620151,194.663,8.301,0.136,209.188,15.008,0.525,0.625,288.512,14.0652174
filebc494d5a79.207,632055.0,3404965.0,76.29977924,30.73247122,231.4,8.238,0.123,99.8704,87.136,0.6225,0.25,225.792,10.9282609
filebc494d5a79.187,634465.0,3413005.0,76.3121288,30.75742933,161.879,8.49,0.098,78.2768,26.88,0.285,0.5,188.16,9.42173913
filebc494d5a79.188,626105.0,3403325.0,76.31837357,30.80166592,198.649,8.34,0.176,49.2604,57.344,0.66,0.75,313.6,14.0652174
filebc494d5a79.189,624435.0,3400675.0,76.37151909,30.73886048,181.078,8.058,0.12,90.4232,69.44,0.375,0.5,225.792,13.6934783
